rank,species,protein_id,orthogroup,log2FC,DAP
1,Ag,Ag00001aa069057_T001,OG0013692,2.7204973704823456,Up
2,Ag,Ag00001aa124402_T001,OG0010710,2.7057567820497974,Up
3,Ag,Ag00001aa071693_T001,OG0012032,2.685043089476681,Up
4,Ag,Ag00001aa122642_T001,OG0011610,2.6470842126289535,Up
5,Ag,Ag00001aa157044_T001,OG0016166,2.636682617168484,Up
6,Ag,Ag00001aa069574_T002,OG0022470,2.595503660502742,Up
7,Ag,Ag00001aa111933_T001,OG0022470,2.541019153133559,Up
8,Ag,Ag00001aa114791_T001,OG0002925,2.453649266043291,Up
9,Ag,Ag00001aa020048_T001,OG0008483,2.4515408330178317,Up
10,Ag,Ag00001aa014453_T001,OG0000288,2.3881895371560837,Up
11,Ag,Ag00001aa078823_T001,OG0000288,2.3801753117420255,Up
12,Ag,Ag00001aa064944_T001,OG0022470,2.339137384919585,Up
13,Ag,Ag00001aa120298_T001,OG0008270,2.283329168051641,Up
14,Ag,Ag00001aa097918_T001,OG0000288,2.2764966656403565,Up
15,Ag,Ag00001aa097924_T001,OG0000288,2.25368678273227,Up
16,Ag,Ag00001aa028565_T001,OG0009444,2.249445341085839,Up
17,Ag,Ag00001aa013246_T001,OG0005269,2.211012193485512,Up
18,Ag,Ag00001aa143736_T001,OG0000288,2.125320473714413,Up
19,Ag,Ag00001aa006944_T001,OG0020442,2.120351940365222,Up
20,Ag,Ag00001aa041516_T001,OG0009444,2.106348319505147,Up
21,Ag,Ag00001aa100594_T001,OG0015134,2.0854246562526777,Up
22,Ag,Ag00001aa052871_T001,NA,2.0765590951316044,Up
23,Ag,Ag00001aa121107_T001,OG0009444,2.0721058004804194,Up
24,Ag,Ag00001aa116892_T001,OG0025357,2.0538064436957937,Up
25,Ag,Ag00001aa023522_T001,OG0016454,2.0538064436957937,Up
26,Ag,Ag00001aa009144_T001,NA,2.035975743665129,Up
27,Ag,Ag00001aa064445_T001,OG0013692,2.034919984349159,Up
28,Ag,Ag00001aa102742_T001,OG0016578,2.032100843167024,Up
29,Ag,Ag00001aa076340_T001,OG0026292,1.973794929652606,Up
30,Ag,Ag00001aa064448_T001,OG0008398,1.9392265777282087,Up
31,Ag,Ag00001aa047463_T001,OG0008092,1.9263790251998787,Up
32,Ag,Ag00001aa099855_T001,OG0041136,1.9160944229383583,Up
33,Ag,Ag00001aa015316_T001,OG0005796,1.8999489861896717,Up
34,Ag,Ag00001aa004824_T001,OG0000654,1.899562360154693,Up
35,Ag,Ag00001aa022279_T001,OG0000034,1.892196710465485,Up
36,Ag,Ag00001aa156538_T001,OG0000110,1.8675011509223944,Up
37,Ag,Ag00001aa129885_T002,OG0016166,1.8483975995281936,Up
38,Ag,Ag00001aa106444_T001,OG0016166,1.8387501183331385,Up
39,Ag,Ag00001aa004820_T001,OG0000654,1.8213020398895297,Up
40,Ag,Ag00001aa110604_T001,OG0001296,1.8184415757641648,Up
41,Ag,Ag00001aa151368_T001,OG0010082,1.8122928448732711,Up
42,Ag,Ag00001aa012571_T001,OG0022704,1.811881996218668,Up
43,Ag,Ag00001aa141013_T001,OG0010191,1.8069426645777624,Up
44,Ag,Ag00001aa012894_T001,OG0006941,1.7845039829295666,Up
45,Ag,Ag00001aa123995_T001,OG0016115,1.78114985171021,Up
46,Ag,Ag00001aa104490_T001,OG0013697,1.7794698572951697,Up
47,Ag,Ag00001aa009716_T001,OG0016578,1.7523204284596705,Up
48,Ag,Ag00001aa018649_T001,OG0008582,1.729008870337863,Up
49,Ag,Ag00001aa019394_T001,NA,1.7154541271157178,Up
50,Ag,Ag00001aa118595_T001,OG0000288,1.7110543218120664,Up
51,Ag,Ag00001aa047794_T002,OG0010191,1.70310069960416,Up
52,Ag,Ag00001aa061896_T002,OG0003728,1.70310069960416,Up
53,Ag,Ag00001aa146322_T001,OG0033092,1.698218478224414,Up
54,Ag,Ag00001aa088228_T002,NA,1.6959938131099002,Up
55,Ag,Ag00001aa031593_T001,OG0022016,1.6843699290130068,Up
56,Ag,Ag00001aa021532_T001,OG0008582,1.674008608617225,Up
57,Ag,Ag00001aa019936_T001,OG0021544,1.6653927710418914,Up
58,Ag,Ag00001aa092812_T001,OG0001959,1.655351828612554,Up
59,Ag,Ag00001aa135121_T001,OG0000642,1.6512239429898776,Up
60,Ag,Ag00001aa015322_T001,OG0018059,1.6433944534798923,Up
61,Ag,Ag00001aa055898_T001,OG0009809,1.611172380044005,Up
62,Ag,Ag00001aa107539_T001,OG0025357,1.6107000621347642,Up
63,Ag,Ag00001aa022335_T001,OG0008528,1.6097549621724434,Up
64,Ag,Ag00001aa104120_T004,OG0006161,1.6059683588414584,Up
65,Ag,Ag00001aa009020_T002,OG0008494,1.599793852122242,Up
66,Ag,Ag00001aa088349_T001,OG0004961,1.591200672932376,Up
67,Ag,Ag00001aa007156_T002,OG0003728,1.5714341158765093,Up
68,Ag,Ag00001aa027609_T001,OG0024318,1.56900492681818,Up
69,Ag,Ag00001aa096557_T001,OG0000823,1.5577776713949258,Up
70,Ag,Ag00001aa022644_T002,NA,1.556797246592743,Up
71,Ag,Ag00001aa023126_T001,OG0018902,1.5315686088149625,Up
72,Ag,Ag00001aa044676_T001,OG0000863,1.5310694927259545,Up
73,Ag,Ag00001aa029945_T001,NA,1.492109552652613,Up
74,Ag,Ag00001aa071072_T001,OG0000289,1.491083453718256,Up
75,Ag,Ag00001aa102013_T002,NA,1.4880007708340683,Up
76,Ag,Ag00001aa137998_T002,OG0017688,1.476122419880152,Up
77,Ag,Ag00001aa046278_T001,OG0018059,1.474565834538475,Up
78,Ag,Ag00001aa018455_T003,OG0015799,1.4719677876615156,Up
79,Ag,Ag00001aa005889_T001,NA,1.447314700253176,Up
80,Ag,Ag00001aa047169_T001,OG0000034,1.415217824888839,Up
81,Ag,Ag00001aa120445_T001,OG0000863,1.3851548968843437,Up
82,Ag,Ag00001aa138044_T002,OG0000654,1.3707222751481671,Up
83,Ag,Ag00001aa127927_T001,OG0011610,1.3595211704275951,Up
84,Ag,Ag00001aa009888_T001,OG0021022,1.3561438102252754,Up
85,Ag,Ag00001aa067474_T001,OG0001296,1.3362833878644322,Up
86,Ag,Ag00001aa138047_T001,OG0000654,1.3190398155625358,Up
87,Ag,Ag00001aa053088_T001,OG0022407,1.3103401206121503,Up
88,Ag,Ag00001aa065968_T001,NA,1.3097582714246352,Up
89,Ag,Ag00001aa017895_T001,NA,1.3015876466031868,Up
90,Ag,Ag00001aa040607_T001,OG0038518,1.2868811477881617,Up
91,Ag,Ag00001aa126910_T003,OG0000710,1.2761988650322418,Up
92,Ag,Ag00001aa139153_T001,OG0009942,1.2636354035683293,Up
93,Ag,Ag00001aa033409_T001,OG0007794,1.2497487150835689,Up
94,Ag,Ag00001aa055266_T001,OG0003478,1.243669080966863,Up
95,Ag,Ag00001aa009579_T001,OG0001787,1.227741075839128,Up
96,Ag,Ag00001aa055541_T001,OG0009783,1.2197106395487791,Up
97,Ag,Ag00001aa101737_T001,OG0018907,1.2116352533271495,Up
98,Ag,Ag00001aa027119_T002,OG0012053,1.140778655782796,Up
99,Ag,Ag00001aa032609_T004,NA,1.1329058120115063,Up
100,Ag,Ag00001aa018374_T001,OG0008324,1.1236661964538197,Up
101,Ag,Ag00001aa118606_T001,OG0009569,1.1216785565882526,Up
102,Ag,Ag00001aa127536_T001,OG0024036,1.1076878693143732,Up
103,Ag,Ag00001aa015171_T001,OG0008582,1.0982847957234223,Up
104,Ag,Ag00001aa012639_T001,OG0005214,1.0690146779151806,Up
105,Ag,Ag00001aa004825_T001,OG0000654,1.0648828515848543,Up
106,Ag,Ag00001aa090087_T003,OG0015409,1.0621217119077977,Up
107,Ag,Ag00001aa019017_T001,OG0021022,1.05797006863733,Up
108,Ag,Ag00001aa054630_T002,NA,1.0565835283663676,Up
109,Ag,Ag00001aa040662_T001,OG0000229,1.0384361816561078,Up
110,Ag,Ag00001aa082217_T001,OG0002316,-1,Down
111,Ag,Ag00001aa021282_T001,OG0010376,-1.0028882793248266,Down
112,Ag,Ag00001aa029877_T001,OG0007412,-1.0174170530774094,Down
113,Ag,Ag00001aa000654_T001,OG0014578,-1.0291463456595165,Down
114,Ag,Ag00001aa053073_T001,NA,-1.0320936297098533,Down
115,Ag,Ag00001aa019743_T001,OG0011089,-1.0320936297098533,Down
116,Ag,Ag00001aa101082_T002,OG0001890,-1.0409717810563062,Down
117,Ag,Ag00001aa098377_T001,NA,-1.043943347587597,Down
118,Ag,Ag00001aa042406_T001,NA,-1.049904905826314,Down
119,Ag,Ag00001aa068063_T001,OG0013243,-1.0528949484321255,Down
120,Ag,Ag00001aa007270_T001,OG0010649,-1.0588936890535685,Down
121,Ag,Ag00001aa022823_T001,NA,-1.0649174766813383,Down
122,Ag,Ag00001aa099111_T001,OG0003283,-1.0649174766813383,Down
123,Ag,Ag00001aa023812_T001,OG0020906,-1.0709665213541435,Down
124,Ag,Ag00001aa051743_T001,OG0007495,-1.074000581443777,Down
125,Ag,Ag00001aa021281_T001,OG0010377,-1.074000581443777,Down
126,Ag,Ag00001aa012950_T001,OG0004053,-1.077041035763828,Down
127,Ag,Ag00001aa026466_T001,OG0019839,-1.083141235300246,Down
128,Ag,Ag00001aa089354_T001,OG0003442,-1.086201035049304,Down
129,Ag,Ag00001aa030359_T001,OG0000305,-1.0892673380970874,Down
130,Ag,Ag00001aa141498_T001,OG0005964,-1.098505544952425,Down
131,Ag,Ag00001aa089959_T001,OG0008288,-1.098505544952425,Down
132,Ag,Ag00001aa022087_T001,OG0011134,-1.1046973786666932,Down
133,Ag,Ag00001aa092719_T001,OG0017062,-1.117161344232749,Down
134,Ag,Ag00001aa027254_T002,OG0012064,-1.1328942704973453,Down
135,Ag,Ag00001aa090489_T002,OG0016974,-1.139235797371172,Down
136,Ag,Ag00001aa025656_T001,OG0019214,-1.142417044615852,Down
137,Ag,Ag00001aa007822_T001,OG0011004,-1.1456053222468994,Down
138,Ag,Ag00001aa001505_T001,OG0011784,-1.1584293626044828,Down
139,Ag,Ag00001aa008378_T001,OG0023730,-1.1877071551267289,Down
140,Ag,Ag00001aa023590_T001,OG0013792,-1.207561069935362,Down
141,Ag,Ag00001aa143464_T001,OG0038035,-1.207561069935362,Down
142,Ag,Ag00001aa065363_T001,OG0004696,-1.207561069935362,Down
143,Ag,Ag00001aa064399_T001,OG0010948,-1.207561069935362,Down
144,Ag,Ag00001aa010523_T001,OG0020455,-1.22431729826094,Down
145,Ag,Ag00001aa031817_T001,OG0010051,-1.22431729826094,Down
146,Ag,Ag00001aa050176_T001,OG0000710,-1.234465253637023,Down
147,Ag,Ag00001aa055549_T001,NA,-1.234465253637023,Down
148,Ag,Ag00001aa044213_T001,OG0008236,-1.237863830098888,Down
149,Ag,Ag00001aa045267_T001,OG0002425,-1.2549778509627354,Down
150,Ag,Ag00001aa056960_T001,OG0000305,-1.2584251525812042,Down
151,Ag,Ag00001aa002239_T001,OG0000014,-1.2618807112174235,Down
152,Ag,Ag00001aa108211_T001,OG0018134,-1.2688167584278,Down
153,Ag,Ag00001aa029719_T002,OG0009757,-1.286304185156641,Down
154,Ag,Ag00001aa083729_T005,OG0040618,-1.3040061868900998,Down
155,Ag,Ag00001aa123912_T001,OG0001259,-1.3219280948873622,Down
156,Ag,Ag00001aa048771_T001,OG0004576,-1.3291596641184382,Down
157,Ag,Ag00001aa148452_T001,OG0005216,-1.3400754415976217,Down
158,Ag,Ag00001aa018678_T003,NA,-1.3658714424749594,Down
159,Ag,Ag00001aa008535_T002,OG0016482,-1.38458370273713,Down
160,Ag,Ag00001aa123881_T001,OG0008236,-1.4111954329844496,Down
161,Ag,Ag00001aa085945_T001,OG0003852,-1.4305089080412838,Down
162,Ag,Ag00001aa021483_T001,OG0019032,-1.5022599113909068,Down
163,Ag,Ag00001aa017786_T001,OG0010266,-1.5437195184892747,Down
164,Ag,Ag00001aa155706_T001,OG0000433,-1.6126374591640045,Down
165,Ag,Ag00001aa062385_T001,OG0000305,-1.6438561897747246,Down
166,Ag,Ag00001aa028857_T001,NA,-1.65744525452268,Down
167,Ag,Ag00001aa106500_T001,OG0024024,-1.6989977439671855,Down
168,Ag,Ag00001aa014694_T001,NA,-1.7083964419694353,Down
169,Ag,Ag00001aa090528_T001,NA,-1.7321646079023851,Down
170,Ag,Ag00001aa077312_T002,OG0001124,-1.7710274302398392,Down
171,Ag,Ag00001aa027095_T003,OG0017553,-1.7858751946471527,Down
172,Ag,Ag00001aa051029_T001,OG0039451,-1.9434164716336324,Down
173,Ag,Ag00001aa154978_T001,OG0005084,-1.9545570292388328,Down
174,Ag,Ag00001aa004029_T001,OG0002368,-1.9545570292388328,Down
175,Ag,Ag00001aa102138_T001,OG0025004,-2.023269779322847,Down
176,Ag,Ag00001aa027795_T002,OG0001322,-2.0350469470992008,Down
177,Ag,Ag00001aa153066_T001,OG0004214,-2.0469210473874924,Down
178,Ag,Ag00001aa010183_T001,OG0019021,-2.0469210473874924,Down
179,Ag,Ag00001aa004423_T002,OG0000433,-2.0528949484321255,Down
180,Ag,Ag00001aa072751_T001,NA,-2.0588936890535687,Down
181,Ag,Ag00001aa023989_T001,OG0000433,-2.1713684183119812,Down
182,Ag,Ag00001aa108923_T001,OG0012873,-2.1909972250609138,Down
183,Ag,Ag00001aa061390_T001,OG0000305,-2.4422223286050744,Down
184,Ag,Ag00001aa122903_T001,OG0000161,-2.6896598793878495,Down
185,Ag,Ag00001aa086826_T001,OG0014048,-3.023269779322847,Down
1,Mg,Misin09G141100.1.v7.1,OG0022377,2.9847771772757756,Up
2,Mg,Misin01G469600.1.v7.1,OG0008582,2.611845794872104,Up
3,Mg,Misin12G126200.1.v7.1,OG0013447,2.380816624539516,Up
4,Mg,Misin17G174300.1.v7.1,OG0013697,2.2404548128082737,Up
5,Mg,Misin17G041200.1.v7.1,OG0000837,2.1873280477037573,Up
6,Mg,MisinT394200.1.v7.1,OG0008494,2.0688298519542805,Up
7,Mg,Misin17G219700.1.v7.1,OG0022470,2.05031217075348,Up
8,Mg,Misin07G519500.1.v7.1,OG0005715,2.0452056317175273,Up
9,Mg,Misin01G106600.1.v7.1,OG0021805,2.041464020649706,Up
10,Mg,Misin01G486600.1.v7.1,OG0015799,2.022619601684521,Up
11,Mg,Misin12G096700.1.v7.1,OG0039078,1.999771562814678,Up
12,Mg,Misin13G081600.1.v7.1,OG0016166,1.9931695068307325,Up
13,Mg,Misin18G151700.1.v7.1,OG0016973,1.9678726797234425,Up
14,Mg,Misin14G086000.1.v7.1,OG0002524,1.9174520289505512,Up
15,Mg,Misin14G145400.1.v7.1,OG0014160,1.9030598804461365,Up
16,Mg,MisinT036500.1.v7.1,OG0017067,1.8749205243781744,Up
17,Mg,Misin17G176700.1.v7.1,OG0013692,1.8578476160269464,Up
18,Mg,MisinT206400.1.v7.1,OG0021874,1.8553323895720413,Up
19,Mg,Misin02G173100.1.v7.1,OG0009444,1.825056923791063,Up
20,Mg,Misin02G374500.1.v7.1,OG0001139,1.8063062231374805,Up
21,Mg,Misin16G248000.1.v7.1,OG0022194,1.7977212366360331,Up
22,Mg,Misin08G045800.1.v7.1,OG0023272,1.7489703732088666,Up
23,Mg,Misin18G197900.1.v7.1,OG0019355,1.7110967936803845,Up
24,Mg,Misin05G381000.1.v7.1,OG0005796,1.6770884249862987,Up
25,Mg,Misin03G046400.1.v7.1,OG0025362,1.6488561173197829,Up
26,Mg,Misin11G222200.1.v7.1,NA,1.5934960267674187,Up
27,Mg,Misin01G418600.1.v7.1,OG0023753,1.5835474000281122,Up
28,Mg,Misin01G050700.1.v7.1,OG0042291,1.542149417182183,Up
29,Mg,Misin18G170000.1.v7.1,OG0005873,1.5157964293322683,Up
30,Mg,Misin17G173700.1.v7.1,OG0022454,1.489484751059735,Up
31,Mg,Misin10G188700.1.v7.1,OG0023602,1.480668473108693,Up
32,Mg,Misin02G359400.1.v7.1,OG0000596,1.470758777381406,Up
33,Mg,Misin05G400200.1.v7.1,OG0015482,1.42449782852791,Up
34,Mg,Misin02G401700.1.v7.1,OG0006466,1.402622431170499,Up
35,Mg,Misin17G257700.1.v7.1,OG0020508,1.395967536280257,Up
36,Mg,Misin05G021700.1.v7.1,OG0009505,1.394232884139548,Up
37,Mg,Misin05G140500.1.v7.1,OG0014118,1.3366977609223287,Up
38,Mg,Misin05G173500.1.v7.1,OG0000891,1.323165928546216,Up
39,Mg,Misin03G281400.1.v7.1,OG0014773,1.306513042500675,Up
40,Mg,Misin11G171000.1.v7.1,OG0013568,1.3029032692056064,Up
41,Mg,Misin08G281600.1.v7.1,OG0012590,1.258996839160906,Up
42,Mg,Misin07G346000.1.v7.1,OG0009746,1.2112000064662436,Up
43,Mg,Misin19G055000.1.v7.1,OG0002559,1.2030374886916455,Up
44,Mg,Misin09G173300.1.v7.1,OG0023602,1.1965686458784943,Up
45,Mg,Misin12G270100.1.v7.1,OG0035352,1.1947673980108289,Up
46,Mg,Misin01G502300.1.v7.1,OG0018330,1.152859731372018,Up
47,Mg,Misin01G018500.1.v7.1,OG0018028,1.1465203971073687,Up
48,Mg,Misin07G367300.1.v7.1,OG0009761,1.138774247590945,Up
49,Mg,Misin18G109800.1.v7.1,OG0024817,1.1326264600193368,Up
50,Mg,Misin12G201000.1.v7.1,OG0020723,1.1145843684749526,Up
51,Mg,Misin01G316300.1.v7.1,OG0020952,1.1017109389139847,Up
52,Mg,Misin18G152900.1.v7.1,OG0014192,1.095974341105857,Up
53,Mg,Misin01G380100.1.v7.1,OG0022880,1.0789694658182278,Up
54,Mg,Misin09G018200.1.v7.1,OG0001078,1.0512417162819718,Up
55,Mg,Misin19G206700.1.v7.1,OG0014297,1.0412357552241047,Up
56,Mg,Misin07G513900.1.v7.1,OG0007520,1.031260748203037,Up
57,Mg,Misin16G013800.1.v7.1,OG0008918,1.0145261139778892,Up
58,Mg,Misin06G106700.1.v7.1,OG0008882,1.0076189277684828,Up
59,Mg,Misin04G126800.1.v7.1,OG0021706,-1.003178910667508,Down
60,Mg,Misin11G003400.1.v7.1,OG0001662,-1.0034826692612833,Down
61,Mg,Misin07G542400.1.v7.1,OG0043297,-1.0037135027990642,Down
62,Mg,Misin08G161000.1.v7.1,OG0020116,-1.022665991729081,Down
63,Mg,Misin09G057300.1.v7.1,OG0001087,-1.029747343394052,Down
64,Mg,Misin02G051900.1.v7.1,OG0034881,-1.030081339237861,Down
65,Mg,Misin01G131700.1.v7.1,OG0009403,-1.0308567323753322,Down
66,Mg,MisinT054100.1.v7.1,OG0004982,-1.040641984497346,Down
67,Mg,Misin14G099700.1.v7.1,OG0011982,-1.0515129408378918,Down
68,Mg,Misin06G110100.1.v7.1,OG0001372,-1.0627184911056506,Down
69,Mg,Misin01G274000.1.v7.1,OG0006417,-1.0677781144348597,Down
70,Mg,Misin01G032900.1.v7.1,OG0000088,-1.0842901447076596,Down
71,Mg,Misin07G008200.1.v7.1,OG0012343,-1.0862998463942204,Down
72,Mg,Misin03G085700.1.v7.1,OG0002621,-1.0952805034331083,Down
73,Mg,Misin07G098400.1.v7.1,OG0002922,-1.1088102456192883,Down
74,Mg,Misin07G547500.1.v7.1,OG0009913,-1.1208111202979691,Down
75,Mg,Misin01G130700.1.v7.1,OG0007122,-1.143760781463781,Down
76,Mg,Misin08G317700.1.v7.1,OG0012645,-1.1459504233227915,Down
77,Mg,Misin01G123100.1.v7.1,OG0012127,-1.1490558093947132,Down
78,Mg,Misin01G120000.1.v7.1,OG0009392,-1.1518190644836563,Down
79,Mg,Misin01G210000.1.v7.1,OG0019942,-1.1730242401011988,Down
80,Mg,Misin01G496800.1.v7.1,OG0010380,-1.181246438566417,Down
81,Mg,Misin07G132100.1.v7.1,OG0019460,-1.1817551289041313,Down
82,Mg,Misin17G023300.1.v7.1,OG0017181,-1.2055966430906733,Down
83,Mg,Misin08G007700.1.v7.1,OG0020022,-1.2104197796703722,Down
84,Mg,Misin02G112800.1.v7.1,OG0009410,-1.2149366164174005,Down
85,Mg,Misin10G048800.1.v7.1,OG0001503,-1.2321283642480787,Down
86,Mg,MisinT386500.1.v7.1,OG0000161,-1.2348637331426326,Down
87,Mg,Misin05G014300.1.v7.1,OG0021867,-1.237975039991221,Down
88,Mg,Misin06G383600.1.v7.1,OG0004474,-1.2539513010713554,Down
89,Mg,Misin11G207200.1.v7.1,OG0018642,-1.2932211264326698,Down
90,Mg,Misin14G027400.1.v7.1,OG0009680,-1.3083496883868215,Down
91,Mg,Misin16G210600.1.v7.1,OG0008419,-1.3503250980425965,Down
92,Mg,Misin07G150400.1.v7.1,OG0017026,-1.3755456105372723,Down
93,Mg,Misin07G090700.1.v7.1,OG0008288,-1.39703508149943,Down
94,Mg,Misin03G005300.1.v7.1,OG0014578,-1.409948622606044,Down
95,Mg,Misin04G357300.1.v7.1,OG0004074,-1.423630897209451,Down
96,Mg,Misin19G275200.1.v7.1,OG0007678,-1.4441274885626083,Down
97,Mg,Misin16G125400.1.v7.1,OG0013274,-1.4671260104272978,Down
98,Mg,Misin07G506600.1.v7.1,OG0017969,-1.476394272191565,Down
99,Mg,Misin19G056400.1.v7.1,OG0019237,-1.4887315265462595,Down
100,Mg,Misin06G081500.1.v7.1,OG0007244,-1.4909442302341682,Down
101,Mg,Misin12G062800.1.v7.1,OG0006312,-1.5089082605094049,Down
102,Mg,Misin07G527200.1.v7.1,OG0015372,-1.518250001939108,Down
103,Mg,MisinT437000.1.v7.1,OG0011089,-1.5264017215055383,Down
104,Mg,Misin14G060100.1.v7.1,OG0001503,-1.5596830922727984,Down
105,Mg,Misin16G044000.1.v7.1,OG0008446,-1.5717761642608183,Down
106,Mg,Misin07G366600.1.v7.1,OG0009757,-1.5732427365075632,Down
107,Mg,Misin07G136300.1.v7.1,OG0009527,-1.5758430326764843,Down
108,Mg,Misin06G101900.1.v7.1,OG0016788,-1.6071281565236244,Down
109,Mg,Misin01G421800.1.v7.1,OG0011144,-1.6484067298889908,Down
110,Mg,Misin07G467100.1.v7.1,OG0007481,-1.6601499971153753,Down
111,Mg,Misin02G094400.1.v7.1,OG0007104,-1.6734474426454116,Down
112,Mg,Misin02G199600.1.v7.1,OG0017654,-1.673771767679012,Down
113,Mg,Misin07G241900.1.v7.1,OG0007954,-1.688590820397924,Down
114,Mg,Misin07G413400.1.v7.1,OG0001521,-1.701451307553268,Down
115,Mg,Misin01G114400.1.v7.1,OG0001322,-1.7497072630577886,Down
116,Mg,Misin13G027300.1.v7.1,OG0019417,-1.7709025547856616,Down
117,Mg,Misin08G052900.1.v7.1,OG0032943,-1.8011341931426577,Down
118,Mg,Misin05G263200.1.v7.1,OG0003576,-1.827195587832678,Down
119,Mg,Misin18G127100.1.v7.1,OG0014019,-1.8795124532656664,Down
120,Mg,Misin11G039700.1.v7.1,NA,-1.8874090462155528,Down
121,Mg,Misin04G083200.1.v7.1,OG0001032,-1.9140503871813843,Down
122,Mg,Misin07G437200.1.v7.1,OG0000305,-1.9315091136517977,Down
123,Mg,Misin19G162800.1.v7.1,OG0007712,-1.976049073532795,Down
124,Mg,Misin05G317500.1.v7.1,OG0000973,-2.022408687787021,Down
125,Mg,Misin05G145900.1.v7.1,OG0000161,-2.037945491673462,Down
126,Mg,Misin07G267200.1.v7.1,OG0003663,-2.1137231806799934,Down
127,Mg,Misin12G003500.1.v7.1,OG0007172,-2.1551190666669062,Down
128,Mg,MisinT397300.1.v7.1,OG0000047,-2.1880681605955807,Down
129,Mg,Misin07G119900.1.v7.1,OG0012452,-2.18985115748511,Down
130,Mg,Misin03G236400.1.v7.1,OG0006869,-2.2242741605549976,Down
131,Mg,Misin01G122900.1.v7.1,OG0022616,-2.228451927636702,Down
132,Mg,Misin09G146400.1.v7.1,OG0014108,-2.288512683265979,Down
133,Mg,Misin07G548500.1.v7.1,OG0000305,-2.321928094887362,Down
134,Mg,Misin03G107200.1.v7.1,OG0011784,-2.3676339492410565,Down
135,Mg,Misin07G156500.1.v7.1,OG0008355,-2.374703363125425,Down
136,Mg,Misin02G078400.1.v7.1,OG0009363,-2.4715495203694964,Down
137,Mg,Misin02G103400.1.v7.1,OG0001322,-2.478252794282506,Down
138,Mg,Misin02G454400.1.v7.1,OG0019021,-2.616583259624621,Down
139,Mg,Misin07G084900.1.v7.1,OG0008809,-2.7653769971920923,Down
140,Mg,Misin03G213900.1.v7.1,OG0021183,-3.1043366598147357,Down
141,Mg,Misin12G110200.1.v7.1,OG0020806,-3.8419632069375895,Down
1,Pv,PvWBCH1.9NG479100.4.v1.1,NA,3.85169907708625,Up
2,Pv,PvWBCH1.3NG170900.1.v1.1,OG0022470,3.6288902190278183,Up
3,Pv,PvWBCH1.9KG072500.1.v1.1,OG0004932,3.5320675522890306,Up
4,Pv,PvWBCH1.3KG225700.1.v1.1,OG0013692,3.288949104584587,Up
5,Pv,PvWBCH1.1KG182300.1.v1.1,OG0002545,3.1333991254171982,Up
6,Pv,PvWBCH1.6NG112900.1.v1.1,OG0016166,3.127633279725874,Up
7,Pv,PvWBCH1.3KG178100.1.v1.1,OG0022470,2.9980149292696834,Up
8,Pv,PvWBCH1.8KG137800.1.v1.1,OG0022377,2.957543200757105,Up
9,Pv,PvWBCH1.5KG009700.1.v1.1,OG0012263,2.945982185997463,Up
10,Pv,PvWBCH1.9NG029700.1.v1.1,OG0012032,2.8669079781431663,Up
11,Pv,PvWBCH1.3KG337600.1.v1.1,OG0002524,2.828834649468056,Up
12,Pv,PvWBCH1.9KG056000.1.v1.1,OG0000642,2.745667602052679,Up
13,Pv,PvWBCH1.5NG360500.1.v1.1,OG0013321,2.7400640588468588,Up
14,Pv,PvWBCH1.1NG299100.1.v1.1,OG0010901,2.6827979987016484,Up
15,Pv,PvWBCH1.8KG089500.1.v1.1,OG0000863,2.593592805864596,Up
16,Pv,PvWBCH1.9KG185700.1.v1.1,OG0009444,2.580627910457265,Up
17,Pv,PvWBCH1.9KG029500.1.v1.1,OG0012032,2.5651096965318345,Up
18,Pv,PvWBCH1.9NG181900.1.v1.1,OG0009444,2.5563067842249767,Up
19,Pv,PvWBCH1.3NG315700.1.v1.1,OG0002524,2.5195419045784364,Up
20,Pv,PvWBCH1.9KG512900.1.v1.1,OG0001959,2.4985061891886793,Up
21,Pv,PvWBCH1.9NG055800.1.v1.1,OG0000642,2.412239566263399,Up
22,Pv,PvWBCH1.9KG488800.1.v1.1,OG0008582,2.3239464554216678,Up
23,Pv,PvWBCH1.2NG099200.1.v1.1,OG0029632,2.3109217352303437,Up
24,Pv,PvWBCH1.3KG087700.1.v1.1,OG0008648,2.2770920825043133,Up
25,Pv,PvWBCH1.7KG090500.2.v1.1,NA,2.2175409398625243,Up
26,Pv,PvWBCH1.5NG350300.1.v1.1,OG0000034,2.142740172116082,Up
27,Pv,PvWBCH1.4NG037300.1.v1.1,OG0002559,2.105342840286222,Up
28,Pv,PvWBCH1.7KG234800.1.v1.1,OG0020442,2.101650076094435,Up
29,Pv,PvWBCH1.5KG266500.1.v1.1,OG0007798,2.089498150839103,Up
30,Pv,PvWBCH1.9KG381100.1.v1.1,OG0021543,2.083383587710083,Up
31,Pv,PvWBCH1.1NG251700.1.v1.1,OG0009809,2.0717626693000915,Up
32,Pv,PvWBCH1.1NG326900.1.v1.1,OG0007520,2.058316495590823,Up
33,Pv,PvWBCH1.3KG223000.1.v1.1,OG0013697,2.0125686735030555,Up
34,Pv,PvWBCH1.9KG395300.1.v1.1,OG0025089,1.9862288802273995,Up
35,Pv,PvWBCH1.4KG166000.1.v1.1,OG0026991,1.9726926540042649,Up
36,Pv,PvWBCH1.5KG363600.1.v1.1,OG0000034,1.9645834627768648,Up
37,Pv,PvWBCH1.9KG495500.1.v1.1,OG0010777,1.9601409803107688,Up
38,Pv,PvWBCH1.4KG012300.1.v1.1,OG0005018,1.9593992347721212,Up
39,Pv,PvWBCH1.1KG077700.1.v1.1,OG0015134,1.946356571633634,Up
40,Pv,PvWBCH1.2NG036100.1.v1.1,OG0001162,1.926758531986465,Up
41,Pv,PvWBCH1.9KG134700.1.v1.1,OG0025315,1.903809558578697,Up
42,Pv,PvWBCH1.3KG190900.1.v1.1,OG0018783,1.8964656161894256,Up
43,Pv,PvWBCH1.5NG129100.1.v1.1,OG0014118,1.882838655767251,Up
44,Pv,PvWBCH1.7KG134800.1.v1.1,OG0022407,1.873813198359087,Up
45,Pv,PvWBCH1.5NG010300.1.v1.1,OG0009496,1.8698714061777129,Up
46,Pv,PvWBCH1.4KG275100.1.v1.1,OG0003555,1.8615584195720287,Up
47,Pv,PvWBCH1.5KG299900.1.v1.1,OG0010191,1.839959587489532,Up
48,Pv,PvWBCH1.4NG206200.1.v1.1,OG0001891,1.8265993302731016,Up
49,Pv,PvWBCH1.9NG503500.1.v1.1,OG0001959,1.8221182747293443,Up
50,Pv,PvWBCH1.5KG283000.1.v1.1,OG0020387,1.7957669477823923,Up
51,Pv,PvWBCH1.6KG130100.1.v1.1,OG0016166,1.7782085763980875,Up
52,Pv,PvWBCH1.9KG103900.1.v1.1,OG0012283,1.7752612923477509,Up
53,Pv,PvWBCH1.4KG022800.1.v1.1,OG0014076,1.7672310370238755,Up
54,Pv,PvWBCH1.9KG375900.1.v1.1,OG0020982,1.748890542645915,Up
55,Pv,PvWBCH1.9KG452300.1.v1.1,OG0022555,1.7389839547005117,Up
56,Pv,PvWBCH1.9KG321100.1.v1.1,OG0008463,1.7017708223790449,Up
57,Pv,PvWBCH1.3KG054000.1.v1.1,OG0021580,1.700883556028269,Up
58,Pv,PvWBCH1.4KG245900.1.v1.1,NA,1.674008608617225,Up
59,Pv,PvWBCH1.8KG100900.1.v1.1,OG0000289,1.6694803718774265,Up
60,Pv,PvWBCH1.9NG341200.1.v1.1,OG0008483,1.6163576969966904,Up
61,Pv,PvWBCH1.6KG070600.1.v1.1,OG0002679,1.5964581395589856,Up
62,Pv,PvWBCH1.9NG133300.1.v1.1,OG0025315,1.5892841066712498,Up
63,Pv,PvWBCH1.5KG009200.1.v1.1,OG0009496,1.5878450092542775,Up
64,Pv,PvWBCH1.9NG497900.1.v1.1,OG0015799,1.5840003832857728,Up
65,Pv,PvWBCH1.6NG120700.1.v1.1,OG0010227,1.5811101752255496,Up
66,Pv,PvWBCH1.3NG049700.1.v1.1,OG0021580,1.5685185977925435,Up
67,Pv,PvWBCH1.3KG150300.3.v1.1,NA,1.565597175854225,Up
68,Pv,PvWBCH1.5KG371100.1.v1.1,OG0010057,1.5602258223996497,Up
69,Pv,PvWBCH1.9KG074200.1.v1.1,OG0020553,1.5577776713949258,Up
70,Pv,PvWBCH1.8KG070500.1.v1.1,NA,1.5523770710948686,Up
71,Pv,PvWBCH1.3KG026500.1.v1.1,OG0015161,1.5518851034717247,Up
72,Pv,PvWBCH1.6NG228400.1.v1.1,OG0018363,1.5205479681065774,Up
73,Pv,PvWBCH1.7KG230700.1.v1.1,OG0010336,1.4931349223055048,Up
74,Pv,PvWBCH1.9KG020900.1.v1.1,OG0024301,1.4905701304462011,Up
75,Pv,PvWBCH1.3KG148200.1.v1.1,OG0022194,1.4724877714627436,Up
76,Pv,PvWBCH1.9NG285000.1.v1.1,OG0018850,1.467801156488407,Up
77,Pv,PvWBCH1.3NG130600.1.v1.1,OG0024802,1.438825113175625,Up
78,Pv,PvWBCH1.6KG070500.2.v1.1,NA,1.4382928515791469,Up
79,Pv,PvWBCH1.7KG055700.1.v1.1,OG0000200,1.4340276746635974,Up
80,Pv,PvWBCH1.1KG063300.1.v1.1,OG0000224,1.4318903482861804,Up
81,Pv,PvWBCH1.4NG138000.1.v1.1,OG0022089,1.4265331381166733,Up
82,Pv,PvWBCH1.8NG151200.1.v1.1,OG0006567,1.4141355329844512,Up
83,Pv,PvWBCH1.9KG437600.1.v1.1,OG0023753,1.4125105712498047,Up
84,Pv,PvWBCH1.6KG019300.1.v1.1,OG0008874,1.4097982278284196,Up
85,Pv,PvWBCH1.5KG046700.1.v1.1,OG0021874,1.4043581948333117,Up
86,Pv,PvWBCH1.1KG060800.1.v1.1,OG0007321,1.4021764249794826,Up
87,Pv,PvWBCH1.6KG147500.1.v1.1,OG0032047,1.4016304665847406,Up
88,Pv,PvWBCH1.3NG101500.1.v1.1,OG0000332,1.3939652756602423,Up
89,Pv,PvWBCH1.7KG117800.1.v1.1,OG0000523,1.3923174227787602,Up
90,Pv,PvWBCH1.9NG286200.1.v1.1,OG0016457,1.3923174227787602,Up
91,Pv,PvWBCH1.9NG442300.1.v1.1,OG0021022,1.3679301414318827,Up
92,Pv,PvWBCH1.7KG056200.1.v1.1,OG0001450,1.3668117731271272,Up
93,Pv,PvWBCH1.5KG232200.1.v1.1,OG0000566,1.3656925371975326,Up
94,Pv,PvWBCH1.1KG197100.2.v1.1,NA,1.3516283291027824,Up
95,Pv,PvWBCH1.7KG104200.1.v1.1,OG0018545,1.34255474547732,Up
96,Pv,PvWBCH1.4KG085600.1.v1.1,OG0024817,1.3362833878644322,Up
97,Pv,PvWBCH1.9NG186500.1.v1.1,OG0045335,1.3132458517875614,Up
98,Pv,PvWBCH1.4KG161300.1.v1.1,OG0022089,1.3097582714246352,Up
99,Pv,PvWBCH1.1KG339700.1.v1.1,NA,1.2992446577960728,Up
100,Pv,PvWBCH1.5NG174900.1.v1.1,OG0002237,1.2974849157105748,Up
101,Pv,PvWBCH1.5KG249400.1.v1.1,OG0005961,1.2898344651775089,Up
102,Pv,PvWBCH1.9KG321200.1.v1.1,OG0008463,1.2851062510612534,Up
103,Pv,PvWBCH1.2NG368100.4.v1.1,NA,1.2851062510612534,Up
104,Pv,PvWBCH1.3KG126400.1.v1.1,OG0017216,1.282736320276342,Up
105,Pv,PvWBCH1.3KG241300.6.v1.1,NA,1.2815498933666418,Up
106,Pv,PvWBCH1.7NG293600.1.v1.1,OG0010616,1.2600256559614555,Up
107,Pv,PvWBCH1.7NG243500.1.v1.1,OG0006047,1.259423152281415,Up
108,Pv,PvWBCH1.3KG355300.1.v1.1,OG0026987,1.2588203968764118,Up
109,Pv,PvWBCH1.7KG293000.1.v1.1,OG0013374,1.252778951528184,Up
110,Pv,PvWBCH1.5KG315300.1.v1.1,OG0000620,1.2332745389909343,Up
111,Pv,PvWBCH1.4KG111200.1.v1.1,OG0008608,1.231432408447965,Up
112,Pv,PvWBCH1.4KG151300.2.v1.1,NA,1.2240402742179302,Up
113,Pv,PvWBCH1.6KG004600.1.v1.1,OG0005315,1.2234225499349372,Up
114,Pv,PvWBCH1.4NG073500.1.v1.1,OG0024817,1.2209490044667792,Up
115,Pv,PvWBCH1.2KG240500.1.v1.1,OG0009116,1.2209490044667792,Up
116,Pv,PvWBCH1.4KG219500.1.v1.1,OG0000224,1.2184712107432616,Up
117,Pv,PvWBCH1.5NG286600.1.v1.1,OG0010191,1.2178510968111314,Up
118,Pv,PvWBCH1.4NG094400.1.v1.1,OG0008608,1.2085172598055438,Up
119,Pv,PvWBCH1.4KG117700.1.v1.1,OG0011230,1.207892851641333,Up
120,Pv,PvWBCH1.9KG021600.1.v1.1,OG0018028,1.207892851641333,Up
121,Pv,PvWBCH1.3NG084400.1.v1.1,OG0000835,1.1991226420136007,Up
122,Pv,PvWBCH1.6NG124400.1.v1.1,OG0017871,1.1953475983222193,Up
123,Pv,PvWBCH1.9KG499400.1.v1.1,OG0000286,1.1940870521163025,Up
124,Pv,PvWBCH1.3KG334800.1.v1.1,OG0000670,1.18840092460321,Up
125,Pv,PvWBCH1.8KG091300.1.v1.1,OG0016204,1.1871342914745355,Up
126,Pv,PvWBCH1.3KG138400.1.v1.1,OG0024802,1.176960992089442,Up
127,Pv,PvWBCH1.9KG319800.1.v1.1,OG0045376,1.175045486110914,Up
128,Pv,PvWBCH1.8NG128600.1.v1.1,OG0003792,1.1705660567920686,Up
129,Pv,PvWBCH1.1NG098700.1.v1.1,OG0025413,1.1641426488483064,Up
130,Pv,PvWBCH1.1KG200800.1.v1.1,OG0003478,1.1596291858212278,Up
131,Pv,PvWBCH1.9KG328200.1.v1.1,OG0026957,1.1551015581257025,Up
132,Pv,PvWBCH1.3NG181100.1.v1.1,OG0002505,1.1551015581257025,Up
133,Pv,PvWBCH1.9NG371600.1.v1.1,OG0021543,1.14860877020522,Up
134,Pv,PvWBCH1.7NG099500.1.v1.1,OG0023572,1.142740172116082,Up
135,Pv,PvWBCH1.2KG138800.1.v1.1,OG0017379,1.1414327909292956,Up
136,Pv,PvWBCH1.6KG252500.1.v1.1,OG0001963,1.139469495038796,Up
137,Pv,PvWBCH1.2KG347500.1.v1.1,OG0013076,1.138814468902282,Up
138,Pv,PvWBCH1.1KG050400.2.v1.1,NA,1.1309308698264486,Up
139,Pv,PvWBCH1.2KG159700.5.v1.1,NA,1.1249897699786635,Up
140,Pv,PvWBCH1.4KG144600.1.v1.1,OG0014192,1.1210154009613658,Up
141,Pv,PvWBCH1.9KG341600.1.v1.1,OG0002760,1.111031312388744,Up
142,Pv,PvWBCH1.2NG099400.2.v1.1,NA,1.106348319505147,Up
143,Pv,PvWBCH1.5NG357200.1.v1.1,OG0010057,1.1003049057956855,Up
144,Pv,PvWBCH1.7KG291000.1.v1.1,OG0018478,1.0996318500144604,Up
145,Pv,PvWBCH1.4KG237100.3.v1.1,NA,1.0982847957234223,Up
146,Pv,PvWBCH1.9KG379800.1.v1.1,OG0013853,1.0976107966264224,Up
147,Pv,PvWBCH1.6KG114300.1.v1.1,OG0000898,1.092207438097089,Up
148,Pv,PvWBCH1.1NG143900.1.v1.1,OG0013655,1.087462841250339,Up
149,Pv,PvWBCH1.9KG533800.1.v1.1,OG0013540,1.081339627451939,Up
150,Pv,PvWBCH1.5KG263500.1.v1.1,OG0044901,1.0758748669751277,Up
151,Pv,PvWBCH1.4KG001600.1.v1.1,OG0020546,1.073134704630215,Up
152,Pv,PvWBCH1.3KG211600.1.v1.1,OG0018765,1.0683268614345056,Up
153,Pv,PvWBCH1.5NG112200.1.v1.1,OG0008882,1.0676387168753634,Up
154,Pv,PvWBCH1.9NG341500.1.v1.1,OG0016503,1.0648828515848543,Up
155,Pv,PvWBCH1.4NG080700.1.v1.1,OG0011009,1.061430600497748,Up
156,Pv,PvWBCH1.9NG518000.1.v1.1,OG0010399,1.05866283937856,Up
157,Pv,PvWBCH1.4KG010300.2.v1.1,NA,1.0572769650732476,Up
158,Pv,PvWBCH1.7NG050900.1.v1.1,OG0024036,1.0551956542421246,Up
159,Pv,PvWBCH1.5KG333000.1.v1.1,OG0008092,1.0551956542421246,Up
160,Pv,PvWBCH1.9NG449100.1.v1.1,OG0019003,1.0510240030244669,Up
161,Pv,PvWBCH1.8NG114700.1.v1.1,OG0003002,1.0510240030244669,Up
162,Pv,PvWBCH1.2KG291400.1.v1.1,OG0011920,1.0461417816447207,Up
163,Pv,PvWBCH1.3KG338700.1.v1.1,OG0018312,1.041943829970167,Up
164,Pv,PvWBCH1.7NG127400.1.v1.1,OG0000523,1.0264459803038009,Up
165,Pv,PvWBCH1.8KG094400.1.v1.1,OG0016860,1.0250287944915224,Up
166,Pv,PvWBCH1.9NG279200.1.v1.1,OG0018835,1.016496319896196,Up
167,Pv,PvWBCH1.5KG033000.1.v1.1,OG0009529,1.016496319896196,Up
168,Pv,PvWBCH1.4KG210900.1.v1.1,OG0021310,1.01435529297707,Up
169,Pv,PvWBCH1.3NG389900.1.v1.1,OG0026755,1.01435529297707,Up
170,Pv,PvWBCH1.9NG214900.1.v1.1,OG0013356,1.0136409106693862,Up
171,Pv,PvWBCH1.2NG216600.1.v1.1,OG0009116,1.0114956388378291,Up
172,Pv,PvWBCH1.3NG401800.1.v1.1,OG0000744,1.0036022366801955,Up
173,Pv,PvWBCH1.1NG355800.1.v1.1,OG0017995,1.0028825085331214,Up
174,Pv,PvWBCH1.2KG168900.3.v1.1,NA,1.000721167243654,Up
175,Pv,PvWBCH1.1NG352100.1.v1.1,OG0009913,-1,Down
176,Pv,PvWBCH1.5NG302600.1.v1.1,OG0001379,-1.0028882793248266,Down
177,Pv,PvWBCH1.4KG239800.1.v1.1,OG0000017,-1.0232697793228471,Down
178,Pv,PvWBCH1.9NG063900.1.v1.1,OG0000047,-1.0409717810563062,Down
179,Pv,PvWBCH1.9KG290600.1.v1.1,OG0002192,-1.0409717810563062,Down
180,Pv,PvWBCH1.5NG032300.1.v1.1,OG0000506,-1.0409717810563062,Down
181,Pv,PvWBCH1.3NG322100.1.v1.1,OG0017343,-1.0558912008920451,Down
182,Pv,PvWBCH1.9KG115100.2.v1.1,NA,-1.0558912008920451,Down
183,Pv,PvWBCH1.9NG239500.1.v1.1,OG0000316,-1.0679388286565756,Down
184,Pv,PvWBCH1.1KG235700.3.v1.1,NA,-1.083141235300246,Down
185,Pv,PvWBCH1.1KG083600.2.v1.1,NA,-1.086201035049304,Down
186,Pv,PvWBCH1.7KG292600.1.v1.1,OG0006321,-1.0892673380970874,Down
187,Pv,PvWBCH1.2NG232500.1.v1.1,OG0009129,-1.0954195650786824,Down
188,Pv,PvWBCH1.7NG270400.1.v1.1,OG0018713,-1.0954195650786824,Down
189,Pv,PvWBCH1.2KG223500.1.v1.1,OG0003992,-1.098505544952425,Down
190,Pv,PvWBCH1.7NG170500.1.v1.1,OG0010826,-1.1140352432460294,Down
191,Pv,PvWBCH1.2NG392700.1.v1.1,OG0000596,-1.139235797371172,Down
192,Pv,PvWBCH1.9NG404100.1.v1.1,OG0002006,-1.142417044615852,Down
193,Pv,PvWBCH1.9KG104900.1.v1.1,OG0007103,-1.142417044615852,Down
194,Pv,PvWBCH1.2KG075800.1.v1.1,OG0005989,-1.15200309344505,Down
195,Pv,PvWBCH1.9KG293500.1.v1.1,NA,-1.1584293626044828,Down
196,Pv,PvWBCH1.4KG235200.1.v1.1,OG0022793,-1.1616532634787693,Down
197,Pv,PvWBCH1.6KG238300.1.v1.1,OG0006086,-1.1648843847417822,Down
198,Pv,PvWBCH1.9NG358300.1.v1.1,OG0001014,-1.171368418311981,Down
199,Pv,PvWBCH1.1NG029100.1.v1.1,OG0014274,-1.171368418311981,Down
200,Pv,PvWBCH1.3KG034500.2.v1.1,NA,-1.171368418311981,Down
201,Pv,PvWBCH1.9KG439300.1.v1.1,OG0023754,-1.1778817252706557,Down
202,Pv,PvWBCH1.3NG047200.2.v1.1,NA,-1.1811494391045665,Down
203,Pv,PvWBCH1.7KG160800.2.v1.1,NA,-1.1811494391045665,Down
204,Pv,PvWBCH1.3KG080900.1.v1.1,OG0001228,-1.1909972250609135,Down
205,Pv,PvWBCH1.5NG234800.1.v1.1,OG0004557,-1.1942948151614887,Down
206,Pv,PvWBCH1.3KG230100.1.v1.1,OG0010948,-1.2009126939259964,Down
207,Pv,PvWBCH1.8KG139700.1.v1.1,OG0025808,-1.2042330522176077,Down
208,Pv,PvWBCH1.3NG157700.1.v1.1,OG0000402,-1.207561069935362,Down
209,Pv,PvWBCH1.1NG215900.1.v1.1,OG0017906,-1.2108967824986183,Down
210,Pv,PvWBCH1.4NG055000.4.v1.1,NA,-1.217591435072627,Down
211,Pv,PvWBCH1.7NG110900.1.v1.1,OG0008236,-1.2209504471625414,Down
212,Pv,PvWBCH1.5KG201500.1.v1.1,NA,-1.22431729826094,Down
213,Pv,PvWBCH1.2KG279700.1.v1.1,OG0008755,-1.244685095954902,Down
214,Pv,PvWBCH1.1NG356400.1.v1.1,OG0044253,-1.2549778509627354,Down
215,Pv,PvWBCH1.5NG072800.1.v1.1,OG0019193,-1.2584251525812042,Down
216,Pv,PvWBCH1.6KG173800.1.v1.1,OG0013211,-1.2618807112174235,Down
217,Pv,PvWBCH1.2KG389100.1.v1.1,OG0011982,-1.265344566520995,Down
218,Pv,PvWBCH1.3KG156000.1.v1.1,OG0000565,-1.2757863132426417,Down
219,Pv,PvWBCH1.9KG493100.1.v1.1,OG0019032,-1.2757863132426417,Down
220,Pv,PvWBCH1.9KG191900.1.v1.1,OG0022613,-1.2757863132426417,Down
221,Pv,PvWBCH1.3KG169800.1.v1.1,OG0008432,-1.279283757478869,Down
222,Pv,PvWBCH1.6NG158500.1.v1.1,OG0021271,-1.2898272517203384,Down
223,Pv,PvWBCH1.3KG098400.3.v1.1,NA,-1.2898272517203384,Down
224,Pv,PvWBCH1.9NG156900.1.v1.1,OG0012165,-1.2933589426905916,Down
225,Pv,PvWBCH1.9KG097200.1.v1.1,OG0000047,-1.2933589426905916,Down
226,Pv,PvWBCH1.2KG047300.1.v1.1,OG0014578,-1.2933589426905916,Down
227,Pv,PvWBCH1.5KG062500.1.v1.1,NA,-1.29689930039584,Down
228,Pv,PvWBCH1.1NG239000.1.v1.1,NA,-1.29689930039584,Down
229,Pv,PvWBCH1.5NG005600.1.v1.1,OG0002818,-1.3004483674769107,Down
230,Pv,PvWBCH1.3NG219800.1.v1.1,OG0000197,-1.3040061868900998,Down
231,Pv,PvWBCH1.5KG112700.1.v1.1,OG0016788,-1.3040061868900998,Down
232,Pv,PvWBCH1.5NG409300.1.v1.1,OG0012748,-1.3040061868900998,Down
233,Pv,PvWBCH1.3KG041900.1.v1.1,OG0001503,-1.307572801910292,Down
234,Pv,PvWBCH1.8NG111400.1.v1.1,OG0001948,-1.3219280948873622,Down
235,Pv,PvWBCH1.4KG243800.1.v1.1,OG0020328,-1.3364276645824773,Down
236,Pv,PvWBCH1.6NG042500.1.v1.1,OG0021366,-1.3400754415976217,Down
237,Pv,PvWBCH1.6NG093300.1.v1.1,OG0017026,-1.3437324652057108,Down
238,Pv,PvWBCH1.4KG098300.1.v1.1,OG0003161,-1.3473987824034803,Down
239,Pv,PvWBCH1.3KG115800.1.v1.1,OG0019636,-1.3473987824034803,Down
240,Pv,PvWBCH1.9KG112500.1.v1.1,OG0001655,-1.3510744405468789,Down
241,Pv,PvWBCH1.6KG200500.1.v1.1,OG0018349,-1.3510744405468789,Down
242,Pv,PvWBCH1.5NG169800.1.v1.1,OG0010283,-1.3658714424749594,Down
243,Pv,PvWBCH1.9NG348600.1.v1.1,OG0011068,-1.38458370273713,Down
244,Pv,PvWBCH1.4KG042500.1.v1.1,NA,-1.38458370273713,Down
245,Pv,PvWBCH1.4NG138300.1.v1.1,OG0016974,-1.4035418604410144,Down
246,Pv,PvWBCH1.9KG207500.1.v1.1,OG0000252,-1.415037499278844,Down
247,Pv,PvWBCH1.5KG274600.1.v1.1,OG0005940,-1.4266254735540556,Down
248,Pv,PvWBCH1.6NG020100.1.v1.1,OG0014368,-1.438307278601691,Down
249,Pv,PvWBCH1.4KG107600.1.v1.1,OG0014037,-1.4422223286050742,Down
250,Pv,PvWBCH1.8NG007300.1.v1.1,OG0011574,-1.4422223286050742,Down
251,Pv,PvWBCH1.2KG079800.1.v1.1,OG0000844,-1.4422223286050742,Down
252,Pv,PvWBCH1.3KG424900.1.v1.1,OG0000355,-1.4461480318188742,Down
253,Pv,PvWBCH1.3NG271800.1.v1.1,OG0010544,-1.4619585466663363,Down
254,Pv,PvWBCH1.9KG470600.1.v1.1,OG0011183,-1.4659383975788818,Down
255,Pv,PvWBCH1.9KG080100.1.v1.1,OG0012704,-1.4659383975788818,Down
256,Pv,PvWBCH1.1KG289200.1.v1.1,OG0000014,-1.4941090702700428,Down
257,Pv,PvWBCH1.1KG320900.1.v1.1,OG0012601,-1.4981787345790898,Down
258,Pv,PvWBCH1.5KG444200.1.v1.1,OG0010748,-1.5022599113909068,Down
259,Pv,PvWBCH1.7KG203600.1.v1.1,OG0008152,-1.50635266602479,Down
260,Pv,PvWBCH1.8NG130700.2.v1.1,NA,-1.5269924320838262,Down
261,Pv,PvWBCH1.1KG237200.1.v1.1,OG0000059,-1.5395195299599893,Down
262,Pv,PvWBCH1.5KG346500.1.v1.1,OG0004515,-1.5563933485243853,Down
263,Pv,PvWBCH1.1NG336100.1.v1.1,OG0015372,-1.5820799921880346,Down
264,Pv,PvWBCH1.3KG287700.3.v1.1,NA,-1.5820799921880346,Down
265,Pv,PvWBCH1.9KG450300.1.v1.1,OG0021020,-1.5864059175908247,Down
266,Pv,PvWBCH1.9KG006700.1.v1.1,OG0012018,-1.5907448533151622,Down
267,Pv,PvWBCH1.3NG047700.1.v1.1,OG0017278,-1.5907448533151622,Down
268,Pv,PvWBCH1.3KG146800.1.v1.1,OG0003692,-1.6126374591640045,Down
269,Pv,PvWBCH1.1NG248800.1.v1.1,OG0000305,-1.6438561897747246,Down
270,Pv,PvWBCH1.9KG158400.1.v1.1,OG0023522,-1.65744525452268,Down
271,Pv,PvWBCH1.5KG340100.1.v1.1,OG0000017,-1.662003536484984,Down
272,Pv,PvWBCH1.6KG115500.1.v1.1,NA,-1.662003536484984,Down
273,Pv,PvWBCH1.9KG329200.1.v1.1,OG0016482,-1.6665762662748085,Down
274,Pv,PvWBCH1.6NG111100.2.v1.1,NA,-1.67116353577046,Down
275,Pv,PvWBCH1.3KG282400.1.v1.1,OG0020515,-1.6896598793878497,Down
276,Pv,PvWBCH1.1KG346900.1.v1.1,OG0013638,-1.6896598793878497,Down
277,Pv,PvWBCH1.9NG211400.2.v1.1,NA,-1.7131188522118383,Down
278,Pv,PvWBCH1.7NG274800.2.v1.1,NA,-1.7273795453370082,Down
279,Pv,PvWBCH1.2NG109100.1.v1.1,OG0011784,-1.7369655941662063,Down
280,Pv,PvWBCH1.2NG253200.1.v1.1,OG0006856,-1.7369655941662063,Down
281,Pv,PvWBCH1.1NG094500.1.v1.1,OG0018010,-1.741782610463982,Down
282,Pv,PvWBCH1.3KG115700.1.v1.1,OG0019635,-1.741782610463982,Down
283,Pv,PvWBCH1.5KG338400.1.v1.1,OG0001536,-1.7514651638613212,Down
284,Pv,PvWBCH1.4KG145300.2.v1.1,NA,-1.756330919033137,Down
285,Pv,PvWBCH1.9KG121800.1.v1.1,OG0022616,-1.7612131404128837,Down
286,Pv,PvWBCH1.4NG163700.1.v1.1,OG0000885,-1.7612131404128837,Down
287,Pv,PvWBCH1.1KG237300.1.v1.1,OG0000059,-1.810966175609983,Down
288,Pv,PvWBCH1.9KG413800.1.v1.1,OG0008538,-1.8160371651574052,Down
289,Pv,PvWBCH1.5KG361700.1.v1.1,OG0015941,-1.8160371651574052,Down
290,Pv,PvWBCH1.4NG198100.1.v1.1,OG0017005,-1.8211260418302049,Down
291,Pv,PvWBCH1.7KG298400.1.v1.1,OG0045179,-1.8211260418302049,Down
292,Pv,PvWBCH1.7NG142000.1.v1.1,OG0020709,-1.8211260418302049,Down
293,Pv,PvWBCH1.7NG276800.1.v1.1,OG0016022,-1.8262329322632935,Down
294,Pv,PvWBCH1.1KG271700.2.v1.1,NA,-1.8313579644411608,Down
295,Pv,PvWBCH1.9NG075100.2.v1.1,NA,-1.8365012677171204,Down
296,Pv,PvWBCH1.2KG303500.1.v1.1,OG0011931,-1.8365012677171204,Down
297,Pv,PvWBCH1.8NG048200.1.v1.1,OG0001503,-1.8520421186128984,Down
298,Pv,PvWBCH1.1KG292700.1.v1.1,OG0001268,-1.8624964762500649,Down
299,Pv,PvWBCH1.2KG132000.1.v1.1,OG0011784,-1.8624964762500649,Down
300,Pv,PvWBCH1.5NG003300.1.v1.1,OG0004214,-1.8624964762500649,Down
301,Pv,PvWBCH1.4NG248100.1.v1.1,OG0015533,-1.86775220170156,Down
302,Pv,PvWBCH1.1NG058800.1.v1.1,OG0008806,-1.8730271437422343,Down
303,Pv,PvWBCH1.5KG255700.2.v1.1,NA,-1.8730271437422343,Down
304,Pv,PvWBCH1.1KG298900.1.v1.1,OG0007481,-1.8836352433082153,Down
305,Pv,PvWBCH1.5NG134900.2.v1.1,NA,-1.8996950942043145,Down
306,Pv,PvWBCH1.9KG358700.1.v1.1,OG0013841,-1.8996950942043145,Down
307,Pv,PvWBCH1.3NG116300.1.v1.1,OG0000950,-1.905088352974533,Down
308,Pv,PvWBCH1.2KG401400.1.v1.1,OG0008960,-1.9105018491608976,Down
309,Pv,PvWBCH1.4KG036500.1.v1.1,OG0016846,-1.9159357352115256,Down
310,Pv,PvWBCH1.3KG248000.1.v1.1,OG0000047,-1.9213901653036336,Down
311,Pv,PvWBCH1.2KG092500.1.v1.1,OG0011754,-1.9213901653036336,Down
312,Pv,PvWBCH1.6KG127700.1.v1.1,OG0020036,-1.926865295369785,Down
313,Pv,PvWBCH1.3KG080800.1.v1.1,OG0017177,-1.9545570292388328,Down
314,Pv,PvWBCH1.5NG112300.1.v1.1,OG0016783,-1.960159735468209,Down
315,Pv,PvWBCH1.9KG080200.1.v1.1,OG0012079,-1.960159735468209,Down
316,Pv,PvWBCH1.4KG182800.1.v1.1,OG0007712,-1.977099597889921,Down
317,Pv,PvWBCH1.9KG472700.1.v1.1,OG0002556,-1.9827907099677768,Down
318,Pv,PvWBCH1.7KG202400.1.v1.1,OG0000305,-1.9885043611621709,Down
319,Pv,PvWBCH1.2NG311200.1.v1.1,OG0017500,-2.005782352594006,Down
320,Pv,PvWBCH1.5KG016800.1.v1.1,OG0009507,-2.0115879742752116,Down
321,Pv,PvWBCH1.4KG269700.1.v1.1,OG0012814,-2.0174170530774096,Down
322,Pv,PvWBCH1.4NG251700.1.v1.1,OG0009593,-2.0291463456595165,Down
323,Pv,PvWBCH1.6KG052700.1.v1.1,OG0005050,-2.0291463456595165,Down
324,Pv,PvWBCH1.4KG039800.1.v1.1,OG0016748,-2.0350469470992008,Down
325,Pv,PvWBCH1.9KG531400.1.v1.1,OG0013978,-2.0350469470992008,Down
326,Pv,PvWBCH1.6KG016800.1.v1.1,OG0011547,-2.0528949484321255,Down
327,Pv,PvWBCH1.1KG264600.1.v1.1,OG0000305,-2.0528949484321255,Down
328,Pv,PvWBCH1.3KG055400.1.v1.1,OG0044516,-2.0528949484321255,Down
329,Pv,PvWBCH1.9KG065700.3.v1.1,NA,-2.083141235300246,Down
330,Pv,PvWBCH1.3NG057100.1.v1.1,OG0000920,-2.1078032895345147,Down
331,Pv,PvWBCH1.5KG147400.3.v1.1,NA,-2.1140352432460294,Down
332,Pv,PvWBCH1.1KG337200.1.v1.1,OG0002175,-2.126580496565143,Down
333,Pv,PvWBCH1.9NG317100.1.v1.1,OG0016482,-2.1328942704973453,Down
334,Pv,PvWBCH1.3NG245100.1.v1.1,OG0008368,-2.145605322246899,Down
335,Pv,PvWBCH1.2KG222900.1.v1.1,OG0009096,-2.1713684183119812,Down
336,Pv,PvWBCH1.9KG404800.1.v1.1,OG0013879,-2.1713684183119812,Down
337,Pv,PvWBCH1.9KG074400.3.v1.1,NA,-2.1844245711374275,Down
338,Pv,PvWBCH1.7KG240100.1.v1.1,OG0010347,-2.1909972250609138,Down
339,Pv,PvWBCH1.9KG088900.1.v1.1,OG0009363,-2.204233052217608,Down
340,Pv,PvWBCH1.9KG284600.2.v1.1,NA,-2.217591435072627,Down
341,Pv,PvWBCH1.2KG277500.1.v1.1,OG0006856,-2.22431729826094,Down
342,Pv,PvWBCH1.3KG173500.1.v1.1,OG0000618,-2.22431729826094,Down
343,Pv,PvWBCH1.6NG099100.1.v1.1,OG0008355,-2.2310746644362487,Down
344,Pv,PvWBCH1.2KG390400.1.v1.1,OG0002368,-2.251538766995965,Down
345,Pv,PvWBCH1.9NG404200.3.v1.1,NA,-2.2584251525812045,Down
346,Pv,PvWBCH1.4NG036500.2.v1.1,NA,-2.265344566520995,Down
347,Pv,PvWBCH1.1KG238400.1.v1.1,OG0001521,-2.272297327162762,Down
348,Pv,PvWBCH1.9NG501800.1.v1.1,OG0006053,-2.2933589426905914,Down
349,Pv,PvWBCH1.2KG076400.1.v1.1,OG0003960,-2.2933589426905914,Down
350,Pv,PvWBCH1.3NG336500.1.v1.1,OG0008788,-2.3075728019102923,Down
351,Pv,PvWBCH1.7KG173500.1.v1.1,OG0000715,-2.3147325934831584,Down
352,Pv,PvWBCH1.9KG422400.1.v1.1,OG0013895,-2.321928094887362,Down
353,Pv,PvWBCH1.9KG440300.1.v1.1,OG0011144,-2.3291596641184382,Down
354,Pv,PvWBCH1.6KG246800.1.v1.1,OG0003663,-2.3437324652057105,Down
355,Pv,PvWBCH1.8KG041700.1.v1.1,OG0011325,-2.351074440546878,Down
356,Pv,PvWBCH1.7NG298100.1.v1.1,OG0045179,-2.373327247394007,Down
357,Pv,PvWBCH1.1KG132500.1.v1.1,OG0012452,-2.3883554566263383,Down
358,Pv,PvWBCH1.1KG099100.2.v1.1,NA,-2.395928676331139,Down
359,Pv,PvWBCH1.7NG141400.2.v1.1,NA,-2.4188898247744506,Down
360,Pv,PvWBCH1.3KG283200.1.v1.1,OG0013274,-2.4422223286050744,Down
361,Pv,PvWBCH1.7KG277200.1.v1.1,OG0004741,-2.4422223286050744,Down
362,Pv,PvWBCH1.9KG129700.1.v1.1,OG0014932,-2.4422223286050744,Down
363,Pv,PvWBCH1.3NG094100.8.v1.1,NA,-2.4500844463780447,Down
364,Pv,PvWBCH1.6KG132700.2.v1.1,NA,-2.4500844463780447,Down
365,Pv,PvWBCH1.1KG268000.1.v1.1,OG0015293,-2.465938397578882,Down
366,Pv,PvWBCH1.9NG155100.1.v1.1,OG0023522,-2.473931188332412,Down
367,Pv,PvWBCH1.5KG309100.1.v1.1,OG0003576,-2.4819685073978306,Down
368,Pv,PvWBCH1.9KG335200.1.v1.1,OG0009772,-2.539519529959989,Down
369,Pv,PvWBCH1.1NG101300.1.v1.1,OG0007550,-2.5563933485243853,Down
370,Pv,PvWBCH1.1NG094800.1.v1.1,OG0004415,-2.5563933485243853,Down
371,Pv,PvWBCH1.1NG224900.1.v1.1,OG0000715,-2.662003536484984,Down
372,Pv,PvWBCH1.6NG050800.1.v1.1,OG0005050,-2.662003536484984,Down
373,Pv,PvWBCH1.9KG334500.1.v1.1,OG0029692,-2.662003536484984,Down
374,Pv,PvWBCH1.1KG065800.2.v1.1,NA,-2.6803820657998387,Down
375,Pv,PvWBCH1.1KG237100.1.v1.1,OG0000715,-2.7083964419694353,Down
376,Pv,PvWBCH1.9KG032100.2.v1.1,NA,-2.7083964419694353,Down
377,Pv,PvWBCH1.4NG029400.1.v1.1,OG0016748,-2.7178567712185018,Down
378,Pv,PvWBCH1.4KG003800.2.v1.1,NA,-2.727379545337008,Down
379,Pv,PvWBCH1.5KG130100.1.v1.1,OG0000017,-2.8468432119385794,Down
380,Pv,PvWBCH1.1NG121300.1.v1.1,OG0012452,-2.8468432119385794,Down
381,Pv,PvWBCH1.9KG469900.1.v1.1,OG0001259,-2.86775220170156,Down
382,Pv,PvWBCH1.6NG158300.1.v1.1,OG0002541,-2.9434164716336326,Down
383,Pv,PvWBCH1.5KG392000.1.v1.1,OG0010033,-2.977099597889921,Down
384,Pv,PvWBCH1.6NG115600.1.v1.1,OG0035880,-3,Down
385,Pv,PvWBCH1.2KG286200.1.v1.1,OG0006869,-3,Down
386,Pv,PvWBCH1.2KG298900.1.v1.1,OG0011924,-3,Down
387,Pv,PvWBCH1.7KG131500.1.v1.1,OG0020806,-3.0709665213541437,Down
388,Pv,PvWBCH1.7NG178200.1.v1.1,OG0000715,-3.41119543298445,Down
389,Pv,PvWBCH1.9NG332100.4.v1.1,NA,-3.5734668618833267,Down
390,Pv,PvWBCH1.9KG344300.5.v1.1,NA,-3.608232280044003,Down
391,Pv,PvWBCH1.2KG082400.1.v1.1,OG0000185,-4.184424571137427,Down
392,Pv,PvWBCH1.9NG437100.1.v1.1,OG0028138,-4.411195432984449,Down
1,Sn,Sn00001aa067886_T001,NA,3.0652276227756188,Up
2,Sn,Sn00001aa051893_T001,OG0006941,3.032100843167024,Up
3,Sn,Sn00001aa056018_T001,OG0022470,2.8155754288625725,Up
4,Sn,Sn00001aa050399_T001,OG0001959,2.785550551739256,Up
5,Sn,Sn00001aa069853_T001,NA,2.650994269338053,Up
6,Sn,Sn00001aa062552_T001,OG0001959,2.5258183220340236,Up
7,Sn,Sn00001aa004579_T001,OG0009444,2.498761465671852,Up
8,Sn,Sn00001aa010391_T001,NA,2.47534433714261,Up
9,Sn,Sn00001aa092671_T001,OG0013697,2.4081683707081063,Up
10,Sn,Sn00001aa030610_T001,OG0022407,2.323370069061269,Up
11,Sn,Sn00001aa010629_T001,OG0008528,2.3115031154682697,Up
12,Sn,Sn00001aa014488_T001,OG0025089,2.2451913930643084,Up
13,Sn,Sn00001aa060716_T002,OG0017067,2.2332745389909343,Up
14,Sn,Sn00001aa002111_T004,OG0016454,2.2252749298695695,Up
15,Sn,Sn00001aa005515_T001,OG0000642,2.215678596607928,Up
16,Sn,Sn00001aa050948_T001,OG0002524,2.2094533656289497,Up
17,Sn,Sn00001aa099345_T002,OG0023941,2.2035144111307585,Up
18,Sn,Sn00001aa011441_T001,OG0018330,2.200378797984026,Up
19,Sn,Sn00001aa035637_T001,OG0024384,2.1414327909292954,Up
20,Sn,Sn00001aa088201_T001,OG0013568,2.1358631653686793,Up
21,Sn,Sn00001aa000144_T001,OG0018330,2.126312130328704,Up
22,Sn,Sn00001aa010461_T001,OG0021543,2.037733627446515,Up
23,Sn,Sn00001aa040888_T001,OG0009496,1.973794929652606,Up
24,Sn,Sn00001aa014825_T001,OG0021022,1.8773516264492625,Up
25,Sn,Sn00001aa103117_T001,OG0013692,1.8619553641448696,Up
26,Sn,Sn00001aa080797_T001,OG0016973,1.8507994231254832,Up
27,Sn,Sn00001aa001175_T001,OG0021543,1.8143453349632197,Up
28,Sn,Sn00001aa006179_T001,OG0015482,1.77568270173906,Up
29,Sn,Sn00001aa082341_T001,OG0024036,1.751892138404309,Up
30,Sn,Sn00001aa086694_T001,OG0010361,1.6544355408453997,Up
31,Sn,Sn00001aa041377_T001,OG0000288,1.652142272136664,Up
32,Sn,Sn00001aa023333_T004,OG0000289,1.6290068334271774,Up
33,Sn,Sn00001aa072988_T001,NA,1.5959809789656203,Up
34,Sn,Sn00001aa073864_T002,NA,1.5940707568515382,Up
35,Sn,Sn00001aa045518_T001,OG0005483,1.5680321047712789,Up
36,Sn,Sn00001aa008298_T001,OG0005710,1.5621813564718672,Up
37,Sn,Sn00001aa007255_T001,OG0007798,1.5400272692575072,Up
38,Sn,Sn00001aa021863_T001,OG0008882,1.5315686088149625,Up
39,Sn,Sn00001aa006768_T001,OG0012924,1.467801156488407,Up
40,Sn,Sn00001aa023974_T001,OG0024297,1.45575462218619,Up
41,Sn,Sn00001aa053988_T001,OG0019331,1.43349363984688,Up
42,Sn,Sn00001aa100959_T001,OG0022195,1.4021764249794826,Up
43,Sn,Sn00001aa001519_T001,OG0020952,1.3555801473773594,Up
44,Sn,Sn00001aa092320_T001,OG0000823,1.3538878362849074,Up
45,Sn,Sn00001aa065278_T001,NA,1.3533232911628967,Up
46,Sn,Sn00001aa089776_T001,NA,1.3253864146597734,Up
47,Sn,Sn00001aa008159_T001,NA,1.2998307618223703,Up
48,Sn,Sn00001aa031675_T002,OG0003720,1.2738142445870366,Up
49,Sn,Sn00001aa007068_T001,OG0010191,1.2732174731034955,Up
50,Sn,Sn00001aa012896_T001,OG0017439,1.254594043033141,Up
51,Sn,Sn00001aa014328_T001,OG0020982,1.252778951528184,Up
52,Sn,Sn00001aa046971_T001,OG0016350,1.229587922740652,Up
53,Sn,Sn00001aa050368_T002,OG0021387,1.1763227726404628,Up
54,Sn,Sn00001aa050960_T001,OG0000670,1.1692836611157298,Up
55,Sn,Sn00001aa069832_T001,OG0007321,1.1654296204241852,Up
56,Sn,Sn00001aa029587_T002,OG0023544,1.160920188181103,Up
57,Sn,Sn00001aa090816_T002,OG0015584,1.144699025154139,Up
58,Sn,Sn00001aa043654_T003,OG0001000,1.1056780778945372,Up
59,Sn,Sn00001aa009411_T002,NA,1.1056780778945372,Up
60,Sn,Sn00001aa096746_T001,OG0001078,1.065572311593622,Up
61,Sn,Sn00001aa010450_T001,OG0018947,1.0384361816561078,Up
62,Sn,Sn00001aa030309_T001,OG0013561,1.0349199843491597,Up
63,Sn,Sn00001aa057774_T002,NA,1.0264459803038009,Up
64,Sn,Sn00001aa073394_T001,OG0007031,1.0250287944915224,Up
65,Sn,Sn00001aa053959_T001,OG0005569,1.018634174139051,Up
66,Sn,Sn00001aa074601_T001,OG0008608,1.0079130816432649,Up
67,Sn,Sn00001aa004935_T002,OG0000538,-1.0086822430998008,Down
68,Sn,Sn00001aa022808_T001,OG0012165,-1.0144995696951151,Down
69,Sn,Sn00001aa055938_T001,OG0018790,-1.0174170530774094,Down
70,Sn,Sn00001aa091713_T003,OG0009186,-1.0350469470992008,Down
71,Sn,Sn00001aa058372_T001,OG0014511,-1.0558912008920451,Down
72,Sn,Sn00001aa074929_T001,OG0000355,-1.0619024389259069,Down
73,Sn,Sn00001aa024444_T001,OG0002300,-1.0649174766813383,Down
74,Sn,Sn00001aa100989_T001,OG0006221,-1.080087911322692,Down
75,Sn,Sn00001aa005345_T001,NA,-1.0954195650786824,Down
76,Sn,Sn00001aa063960_T002,OG0015464,-1.1456053222468994,Down
77,Sn,Sn00001aa042308_T001,NA,-1.15521264992094,Down
78,Sn,Sn00001aa062042_T001,OG0009593,-1.1616532634787693,Down
79,Sn,Sn00001aa028066_T001,OG0018543,-1.1648843847417822,Down
80,Sn,Sn00001aa023222_T002,OG0007103,-1.1648843847417822,Down
81,Sn,Sn00001aa022890_T001,OG0001189,-1.1746213961070686,Down
82,Sn,Sn00001aa037753_T002,OG0007495,-1.1844245711374275,Down
83,Sn,Sn00001aa085238_T001,OG0010651,-1.1909972250609135,Down
84,Sn,Sn00001aa021034_T002,OG0005469,-1.1942948151614887,Down
85,Sn,Sn00001aa056484_T001,OG0019544,-1.217591435072627,Down
86,Sn,Sn00001aa044627_T001,OG0011282,-1.2209504471625414,Down
87,Sn,Sn00001aa049357_T001,OG0014368,-1.2688167584278,Down
88,Sn,Sn00001aa005661_T003,OG0012064,-1.279283757478869,Down
89,Sn,Sn00001aa079782_T001,OG0002472,-1.282789700980404,Down
90,Sn,Sn00001aa018414_T003,OG0010573,-1.2933589426905916,Down
91,Sn,Sn00001aa093821_T001,OG0014048,-1.307572801910292,Down
92,Sn,Sn00001aa063593_T002,OG0007678,-1.307572801910292,Down
93,Sn,Sn00001aa000746_T001,OG0000047,-1.325539348439741,Down
94,Sn,Sn00001aa053936_T002,OG0020036,-1.325539348439741,Down
95,Sn,Sn00001aa081139_T001,OG0011982,-1.3327890875191293,Down
96,Sn,Sn00001aa068962_T001,NA,-1.3327890875191293,Down
97,Sn,Sn00001aa010667_T001,OG0008538,-1.3547594873547346,Down
98,Sn,Sn00001aa054154_T001,OG0005549,-1.3658714424749594,Down
99,Sn,Sn00001aa057719_T001,OG0017172,-1.3695945285176767,Down
100,Sn,Sn00001aa081364_T002,OG0013118,-1.3733272473940066,Down
101,Sn,Sn00001aa063908_T001,NA,-1.4073635713934227,Down
102,Sn,Sn00001aa009456_T002,OG0001268,-1.438307278601691,Down
103,Sn,Sn00001aa021927_T001,OG0000017,-1.4619585466663363,Down
104,Sn,Sn00001aa039024_T001,OG0000305,-1.4860040206329874,Down
105,Sn,Sn00001aa014103_T002,OG0021411,-1.4941090702700428,Down
106,Sn,Sn00001aa071959_T001,OG0001479,-1.5311560570253626,Down
107,Sn,Sn00001aa043139_T003,OG0021204,-1.5649048483799026,Down
108,Sn,Sn00001aa036565_T002,NA,-1.5734668618833267,Down
109,Sn,Sn00001aa091151_T001,OG0000527,-1.5907448533151622,Down
110,Sn,Sn00001aa011082_T002,OG0021020,-1.5907448533151622,Down
111,Sn,Sn00001aa042093_T001,OG0024848,-1.6038405109268454,Down
112,Sn,Sn00001aa008274_T003,NA,-1.6082322800440032,Down
113,Sn,Sn00001aa000544_T001,NA,-1.67116353577046,Down
114,Sn,Sn00001aa053626_T001,OG0018010,-1.6850135145314844,Down
115,Sn,Sn00001aa076816_T003,OG0011547,-1.7710274302398392,Down
116,Sn,Sn00001aa085589_T001,NA,-1.7759597257820698,Down
117,Sn,Sn00001aa003072_T001,OG0006869,-1.7908586021614084,Down
118,Sn,Sn00001aa042255_T001,OG0016783,-1.8008773579863993,Down
119,Sn,Sn00001aa048684_T001,OG0003663,-1.8468432119385796,Down
120,Sn,Sn00001aa047322_T003,OG0007249,-1.888968687611256,Down
121,Sn,Sn00001aa091279_T001,OG0003576,-1.9885043611621709,Down
122,Sn,Sn00001aa009014_T001,OG0000715,-2.4035418604410146,Down
1,Trip19,Td00001aa022594_T002,OG0022470,5.00162211964968,Up
2,Trip19,Td00001aa029496_T001,OG0016115,4.34027740476625,Up
3,Trip19,Td00001aa040338_T001,OG0051958,3.81424277977989,Up
4,Trip19,Td00001aa013159_T001,OG0006288,3.69231559916945,Up
5,Trip19,Td00001aa022969_T001,OG0013697,3.6585542606509,Up
6,Trip19,Td00001aa027412_T001,OG0024318,3.43175666019445,Up
7,Trip19,Td00001aa005038_T001,OG0009930,3.29851169276436,Up
8,Trip19,Td00001aa023916_T001,OG0014428,3.22265002245148,Up
9,Trip19,Td00001aa014362_T001,OG0016578,3.10802256251641,Up
10,Trip19,Td00001aa004040_T001,OG0009809,3.06626144226872,Up
11,Trip19,Td00001aa026590_T004,OG0016454,2.94990839795332,Up
12,Trip19,Td00001aa024450_T001,OG0000642,2.94598218599746,Up
13,Trip19,Td00001aa025492_T002,OG0012185,2.91838623444635,Up
14,Trip19,Td00001aa032866_T001,OG0014118,2.89005751138785,Up
15,Trip19,Td00001aa026762_T001,OG0000568,2.7454524831317,Up
16,Trip19,Td00001aa017178_T002,NA,2.72399534471519,Up
17,Trip19,Td00001aa004295_T001,OG0012515,2.62854031926276,Up
18,Trip19,Td00001aa014939_T002,OG0008494,2.62480276525295,Up
19,Trip19,Td00001aa033192_T001,OG0000288,2.5528688710113,Up
20,Trip19,Td00001aa000735_T001,OG0002718,2.44810804371056,Up
21,Trip19,Td00001aa019065_T001,OG0005483,2.32567423412026,Up
22,Trip19,Td00001aa022732_T002,OG0025011,2.29425313644451,Up
23,Trip19,Td00001aa024451_T001,OG0000642,2.27142567609293,Up
24,Trip19,Td00001aa020613_T001,OG0017265,2.2606279081267,Up
25,Trip19,Td00001aa031042_T001,OG0013692,2.24549566281992,Up
26,Trip19,Td00001aa021652_T001,OG0022704,2.15962918582123,Up
27,Trip19,Td00001aa033337_T001,OG0003421,2.13027195451886,Up
28,Trip19,Td00001aa010483_T002,NA,2.09085343045111,Up
29,Trip19,Td00001aa033308_T001,OG0000288,2.0799753767206,Up
30,Trip19,Td00001aa024207_T001,OG0012032,2.0621217119078,Up
31,Trip19,Td00001aa027099_T003,NA,2.01899017538475,Up
32,Trip19,Td00001aa025429_T004,OG0013350,2.00108161572545,Up
33,Trip19,Td00001aa008985_T001,OG0005483,1.97452931248388,Up
34,Trip19,Td00001aa019363_T002,OG0008548,1.89878879711155,Up
35,Trip19,Td00001aa003480_T001,OG0005710,1.89103026784092,Up
36,Trip19,Td00001aa019280_T001,OG0000034,1.86591881455221,Up
37,Trip19,Td00001aa037279_T002,OG0008674,1.82007682109751,Up
38,Trip19,Td00001aa001511_T001,OG0014697,1.79659775404831,Up
39,Trip19,Td00001aa033621_T001,OG0005483,1.79327165449808,Up
40,Trip19,Td00001aa039232_T002,OG0002524,1.78826808286684,Up
41,Trip19,Td00001aa003277_T001,OG0005728,1.7578766597479,Up
42,Trip19,Td00001aa040575_T001,OG0001162,1.73984810269933,Up
43,Trip19,Td00001aa027713_T001,OG0014866,1.70884937710518,Up
44,Trip19,Td00001aa007022_T003,OG0000566,1.67807190511264,Up
45,Trip19,Td00001aa002372_T002,OG0026582,1.67400860861723,Up
46,Trip19,Td00001aa038053_T001,OG0037479,1.65260121759652,Up
47,Trip19,Td00001aa020162_T001,OG0015977,1.63273352595054,Up
48,Trip19,Td00001aa041578_T002,OG0000110,1.61306010689612,Up
49,Trip19,Td00001aa012013_T001,OG0008132,1.60169651648096,Up
50,Trip19,Td00001aa014170_T002,OG0011183,1.59836520532364,Up
51,Trip19,Td00001aa008864_T001,OG0009496,1.59645813955899,Up
52,Trip19,Td00001aa025149_T001,OG0005402,1.59454854955035,Up
53,Trip19,Td00001aa004274_T001,OG0016334,1.56413424345824,Up
54,Trip19,Td00001aa012926_T001,OG0016115,1.55040819321728,Up
55,Trip19,Td00001aa001268_T005,OG0013614,1.54002726925751,Up
56,Trip19,Td00001aa009381_T001,OG0014135,1.52205574916096,Up
57,Trip19,Td00001aa010670_T002,OG0008092,1.51601514700366,Up
58,Trip19,Td00001aa004700_T002,OG0015224,1.5119739817818,Up
59,Trip19,Td00001aa002603_T003,OG0011742,1.48800077083407,Up
60,Trip19,Td00001aa000236_T001,OG0002763,1.47248777146274,Up
61,Trip19,Td00001aa028747_T003,OG0002219,1.47092725747513,Up
62,Trip19,Td00001aa002847_T001,OG0001162,1.4594316186373,Up
63,Trip19,Td00001aa007867_T002,OG0020359,1.45470232816369,Up
64,Trip19,Td00001aa029231_T001,OG0013447,1.44413695658759,Up
65,Trip19,Td00001aa035379_T002,OG0004961,1.43722773891291,Up
66,Trip19,Td00001aa029261_T001,OG0004773,1.41899946543127,Up
67,Trip19,Td00001aa013725_T006,OG0015799,1.41683974191283,Up
68,Trip19,Td00001aa028828_T001,OG0016318,1.36120689023873,Up
69,Trip19,Td00001aa030923_T003,OG0000971,1.35670725293538,Up
70,Trip19,Td00001aa007217_T002,OG0010227,1.35049724708413,Up
71,Trip19,Td00001aa021055_T002,OG0011850,1.34084707705041,Up
72,Trip19,Td00001aa022963_T002,NA,1.33799646351502,Up
73,Trip19,Td00001aa024379_T002,OG0012053,1.32941067121857,Up
74,Trip19,Td00001aa014848_T001,NA,1.32077347694587,Up
75,Trip19,Td00001aa029906_T001,OG0017690,1.31266517355839,Up
76,Trip19,Td00001aa033405_T001,OG0019996,1.29689785770008,Up
77,Trip19,Td00001aa016203_T001,OG0020037,1.29513524900082,Up
78,Trip19,Td00001aa003331_T001,OG0020214,1.28569812595813,Up
79,Trip19,Td00001aa014480_T001,OG0001787,1.28569812595813,Up
80,Trip19,Td00001aa011954_T001,OG0018478,1.26423615104355,Up
81,Trip19,Td00001aa003659_T005,OG0012593,1.26002565596146,Up
82,Trip19,Td00001aa019508_T001,OG0021022,1.2424500736777,Up
83,Trip19,Td00001aa031963_T001,OG0006090,1.23878685958712,Up
84,Trip19,Td00001aa024674_T003,OG0012082,1.23817541857738,Up
85,Trip19,Td00001aa014878_T002,OG0020982,1.23266075679027,Up
86,Trip19,Td00001aa031767_T001,OG0015849,1.22712493444993,Up
87,Trip19,Td00001aa005196_T004,OG0014288,1.21661006874244,Up
88,Trip19,Td00001aa026000_T001,OG0000316,1.20539251298968,Up
89,Trip19,Td00001aa007062_T001,OG0000517,1.20476675065461,Up
90,Trip19,Td00001aa029258_T001,OG0022344,1.1991226420136,Up
91,Trip19,Td00001aa005500_T001,OG0017768,1.19597745864259,Up
92,Trip19,Td00001aa003563_T002,OG0020832,1.1833277060448,Up
93,Trip19,Td00001aa036222_T002,OG0020497,1.17312743348066,Up
94,Trip19,Td00001aa014690_T001,OG0001139,1.16735792773851,Up
95,Trip19,Td00001aa019475_T001,OG0013925,1.1609201881811,Up
96,Trip19,Td00001aa014817_T001,OG0000596,1.15380533607904,Up
97,Trip19,Td00001aa022834_T001,OG0018769,1.14730669878029,Up
98,Trip19,Td00001aa027502_T001,OG0012087,1.14208662961753,Up
99,Trip19,Td00001aa037912_T002,OG0002676,1.13881446890228,Up
100,Trip19,Td00001aa005913_T001,OG0000670,1.12697285625777,Up
101,Trip19,Td00001aa003426_T001,OG0007520,1.11835972595306,Up
102,Trip19,Td00001aa027912_T001,OG0024297,1.0962618530584,Up
103,Trip19,Td00001aa029363_T001,OG0008210,1.0962618530584,Up
104,Trip19,Td00001aa011129_T003,OG0004468,1.08610437124329,Up
105,Trip19,Td00001aa031791_T002,OG0010453,1.08610437124329,Up
106,Trip19,Td00001aa010744_T002,OG0015629,1.08338358771008,Up
107,Trip19,Td00001aa027028_T002,OG0014966,1.07519031415522,Up
108,Trip19,Td00001aa012305_T002,OG0013568,1.0621217119078,Up
109,Trip19,Td00001aa030489_T001,OG0022918,1.05935527761642,Up
110,Trip19,Td00001aa001541_T001,OG0000929,1.04544297076117,Up
111,Trip19,Td00001aa008628_T002,OG0020378,1.04194382997017,Up
112,Trip19,Td00001aa022640_T001,OG0018783,1.04054179386285,Up
113,Trip19,Td00001aa041092_T001,OG0016860,1.03913839390696,Up
114,Trip19,Td00001aa013792_T002,OG0000286,1.03562390973072,Up
115,Trip19,Td00001aa033829_T001,OG0009496,1.03491998434916,Up
116,Trip19,Td00001aa016799_T001,OG0003478,1.03139519627553,Up
117,Trip19,Td00001aa033160_T001,OG0002600,1.02431967919541,Up
118,Trip19,Td00001aa018155_T002,OG0015577,1.01863417413905,Up
119,Trip19,Td00001aa012628_T001,OG0028054,1.01792190799726,Up
120,Trip19,Td00001aa000911_T001,OG0011382,1.01077983875324,Up
121,Trip19,Td00001aa034013_T001,OG0015977,1.01077983875324,Up
122,Trip19,Td00001aa027113_T002,OG0014954,1.00791308164326,Up
123,Trip19,Td00001aa003911_T001,OG0004385,1.00575926928868,Up
124,Trip19,Td00001aa013675_T002,OG0015805,-1.00288827932483,Down
125,Trip19,Td00001aa043587_T002,OG0001189,-1.00288827932483,Down
126,Trip19,Td00001aa015187_T005,OG0018910,-1.00578235259401,Down
127,Trip19,Td00001aa008177_T001,OG0007666,-1.0086822430998,Down
128,Trip19,Td00001aa027731_T002,OG0002784,-1.0086822430998,Down
129,Trip19,Td00001aa032228_T002,OG0021271,-1.0086822430998,Down
130,Trip19,Td00001aa038686_T001,OG0019419,-1.0086822430998,Down
131,Trip19,Td00001aa013825_T003,NA,-1.01158797427521,Down
132,Trip19,Td00001aa024340_T001,OG0005361,-1.01449956969512,Down
133,Trip19,Td00001aa010907_T001,OG0015520,-1.01741705307741,Down
134,Trip19,Td00001aa014223_T001,OG0011591,-1.01741705307741,Down
135,Trip19,Td00001aa023605_T003,OG0003927,-1.01741705307741,Down
136,Trip19,Td00001aa018057_T003,OG0024057,-1.02326977932285,Down
137,Trip19,Td00001aa003400_T002,OG0015364,-1.02914634565952,Down
138,Trip19,Td00001aa027778_T002,OG0018442,-1.03209362970985,Down
139,Trip19,Td00001aa036158_T003,OG0003673,-1.03209362970985,Down
140,Trip19,Td00001aa041542_T001,OG0007172,-1.03209362970985,Down
141,Trip19,Td00001aa043199_T001,OG0020232,-1.03800632257974,Down
142,Trip19,Td00001aa003164_T002,OG0001707,-1.04097178105631,Down
143,Trip19,Td00001aa013920_T001,OG0014422,-1.04097178105631,Down
144,Trip19,Td00001aa033052_T002,NA,-1.04097178105631,Down
145,Trip19,Td00001aa005618_T001,OG0014274,-1.04990490582631,Down
146,Trip19,Td00001aa027151_T001,OG0009411,-1.04990490582631,Down
147,Trip19,Td00001aa028852_T001,OG0020716,-1.04990490582631,Down
148,Trip19,Td00001aa024871_T001,OG0007104,-1.05289494843213,Down
149,Trip19,Td00001aa033446_T004,OG0000704,-1.05589120089205,Down
150,Trip19,Td00001aa032334_T001,OG0021369,-1.06491747668134,Down
151,Trip19,Td00001aa002093_T001,OG0011803,-1.06793882865658,Down
152,Trip19,Td00001aa005697_T003,OG0004282,-1.06793882865658,Down
153,Trip19,Td00001aa015632_T001,OG0013788,-1.06793882865658,Down
154,Trip19,Td00001aa015619_T001,OG0016449,-1.07096652135414,Down
155,Trip19,Td00001aa017572_T001,OG0016300,-1.07096652135414,Down
156,Trip19,Td00001aa033081_T003,NA,-1.07096652135414,Down
157,Trip19,Td00001aa007428_T002,OG0012974,-1.07704103576383,Down
158,Trip19,Td00001aa027460_T001,OG0001861,-1.07704103576383,Down
159,Trip19,Td00001aa013611_T001,OG0007920,-1.08008791132269,Down
160,Trip19,Td00001aa028224_T001,OG0020736,-1.0862010350493,Down
161,Trip19,Td00001aa039430_T005,OG0001897,-1.08926733809709,Down
162,Trip19,Td00001aa027623_T001,OG0023022,-1.09234017214671,Down
163,Trip19,Td00001aa033758_T001,OG0003400,-1.09234017214671,Down
164,Trip19,Td00001aa008860_T001,OG0021867,-1.09541956507868,Down
165,Trip19,Td00001aa019565_T001,OG0021027,-1.09541956507868,Down
166,Trip19,Td00001aa029477_T004,OG0001112,-1.09541956507868,Down
167,Trip19,Td00001aa012101_T001,OG0006196,-1.09850554495243,Down
168,Trip19,Td00001aa024176_T005,OG0012693,-1.09850554495243,Down
169,Trip19,Td00001aa026374_T002,OG0015533,-1.09850554495243,Down
170,Trip19,Td00001aa004055_T001,OG0015291,-1.10159814000781,Down
171,Trip19,Td00001aa008789_T014,OG0024584,-1.10469737866669,Down
172,Trip19,Td00001aa011871_T001,OG0018718,-1.10469737866669,Down
173,Trip19,Td00001aa029161_T001,OG0013440,-1.10469737866669,Down
174,Trip19,Td00001aa023617_T001,OG0001196,-1.10780328953451,Down
175,Trip19,Td00001aa029103_T003,OG0023666,-1.11091590140185,Down
176,Trip19,Td00001aa032450_T002,OG0021347,-1.11091590140185,Down
177,Trip19,Td00001aa039885_T001,OG0001215,-1.11091590140185,Down
178,Trip19,Td00001aa008406_T001,OG0012906,-1.12029423371771,Down
179,Trip19,Td00001aa004234_T001,OG0001521,-1.12343394124828,Down
180,Trip19,Td00001aa005179_T001,OG0035217,-1.12343394124828,Down
181,Trip19,Td00001aa008567_T001,OG0018210,-1.12658049656514,Down
182,Trip19,Td00001aa019499_T002,OG0021020,-1.12658049656514,Down
183,Trip19,Td00001aa029482_T001,OG0022338,-1.12973392960402,Down
184,Trip19,Td00001aa024100_T001,OG0009291,-1.13606154957603,Down
185,Trip19,Td00001aa012271_T001,OG0010347,-1.13923579737117,Down
186,Trip19,Td00001aa018252_T001,OG0016991,-1.13923579737117,Down
187,Trip19,Td00001aa011239_T001,OG0010140,-1.14241704461585,Down
188,Trip19,Td00001aa014621_T001,OG0011110,-1.1456053222469,Down
189,Trip19,Td00001aa025516_T002,OG0019922,-1.1488006614067101,Down
190,Trip19,Td00001aa016005_T001,OG0015093,-1.15521264992094,Down
191,Trip19,Td00001aa025171_T003,OG0005405,-1.15521264992094,Down
192,Trip19,Td00001aa029010_T001,OG0023556,-1.15521264992094,Down
193,Trip19,Td00001aa019447_T001,OG0016587,-1.15842936260448,Down
194,Trip19,Td00001aa002186_T003,OG0025960,-1.16165326347877,Down
195,Trip19,Td00001aa001700_T002,OG0021725,-1.16488438474178,Down
196,Trip19,Td00001aa023115_T002,OG0001998,-1.16812275880833,Down
197,Trip19,Td00001aa024392_T003,OG0017553,-1.17136841831198,Down
198,Trip19,Td00001aa005972_T003,OG0021215,-1.17788172527066,Down
199,Trip19,Td00001aa010582_T001,OG0024018,-1.17788172527066,Down
200,Trip19,Td00001aa036572_T002,OG0000060,-1.17788172527066,Down
201,Trip19,Td00001aa024155_T001,OG0014844,-1.19099722506091,Down
202,Trip19,Td00001aa024999_T001,OG0010125,-1.19099722506091,Down
203,Trip19,Td00001aa028539_T001,OG0010346,-1.19429481516149,Down
204,Trip19,Td00001aa028811_T001,OG0013077,-1.19429481516149,Down
205,Trip19,Td00001aa014983_T003,NA,-1.19759995988516,Down
206,Trip19,Td00001aa032602_T001,OG0014368,-1.19759995988516,Down
207,Trip19,Td00001aa006364_T001,OG0021930,-1.200912693926,Down
208,Trip19,Td00001aa007007_T001,OG0006151,-1.200912693926,Down
209,Trip19,Td00001aa015624_T001,OG0022996,-1.200912693926,Down
210,Trip19,Td00001aa006485_T001,OG0011661,-1.20756106993536,Down
211,Trip19,Td00001aa000669_T001,OG0009203,-1.21424022557299,Down
212,Trip19,Td00001aa012353_T001,OG0002521,-1.22095044716254,Down
213,Trip19,Td00001aa016231_T002,NA,-1.22095044716254,Down
214,Trip19,Td00001aa017188_T002,OG0015293,-1.22431729826094,Down
215,Trip19,Td00001aa017416_T001,OG0023680,-1.22431729826094,Down
216,Trip19,Td00001aa018921_T001,OG0018931,-1.22431729826094,Down
217,Trip19,Td00001aa003648_T002,OG0009861,-1.23446525363702,Down
218,Trip19,Td00001aa023759_T001,OG0014466,-1.23446525363702,Down
219,Trip19,Td00001aa043628_T001,OG0003852,-1.23446525363702,Down
220,Trip19,Td00001aa000821_T001,OG0006902,-1.24127043154214,Down
221,Trip19,Td00001aa009152_T001,OG0003417,-1.24127043154214,Down
222,Trip19,Td00001aa007038_T001,OG0005980,-1.2446850959549,Down
223,Trip19,Td00001aa012301_T003,NA,-1.2446850959549,Down
224,Trip19,Td00001aa015117_T001,OG0021411,-1.2446850959549,Down
225,Trip19,Td00001aa005911_T002,OG0016916,-1.25153876699596,Down
226,Trip19,Td00001aa024012_T001,OG0017537,-1.25153876699596,Down
227,Trip19,Td00001aa013578_T001,OG0007876,-1.2584251525812,Down
228,Trip19,Td00001aa022922_T003,OG0018759,-1.26188071121742,Down
229,Trip19,Td00001aa009575_T001,OG0000017,-1.2688167584278,Down
230,Trip19,Td00001aa039970_T008,OG0007874,-1.27578631324264,Down
231,Trip19,Td00001aa038271_T001,OG0008355,-1.2827897009804,Down
232,Trip19,Td00001aa025510_T002,OG0008114,-1.28982725172034,Down
233,Trip19,Td00001aa014781_T002,OG0000597,-1.29335894269059,Down
234,Trip19,Td00001aa034727_T001,OG0007696,-1.30044836747691,Down
235,Trip19,Td00001aa038427_T005,NA,-1.30044836747691,Down
236,Trip19,Td00001aa030292_T001,OG0021482,-1.3040061868901,Down
237,Trip19,Td00001aa025021_T003,OG0022616,-1.31114825613412,Down
238,Trip19,Td00001aa036466_T004,OG0000937,-1.31473259348316,Down
239,Trip19,Td00001aa037166_T003,OG0000579,-1.31473259348316,Down
240,Trip19,Td00001aa031593_T001,OG0001173,-1.32192809488736,Down
241,Trip19,Td00001aa003768_T001,OG0012580,-1.32915966411844,Down
242,Trip19,Td00001aa027648_T001,OG0000047,-1.33278908751913,Down
243,Trip19,Td00001aa031102_T001,OG0000116,-1.33278908751913,Down
244,Trip19,Td00001aa034720_T001,OG0015558,-1.33642766458248,Down
245,Trip19,Td00001aa032796_T001,OG0007580,-1.34739878240348,Down
246,Trip19,Td00001aa014847_T001,OG0016532,-1.35107444054688,Down
247,Trip19,Td00001aa037706_T001,OG0017836,-1.35107444054688,Down
248,Trip19,Td00001aa018430_T003,OG0017005,-1.35475948735473,Down
249,Trip19,Td00001aa005268_T001,OG0020040,-1.37706964907982,Down
250,Trip19,Td00001aa020997_T002,OG0009085,-1.39592867633114,Down
251,Trip19,Td00001aa022333_T001,OG0010523,-1.41119543298445,Down
252,Trip19,Td00001aa023188_T001,OG0010927,-1.41119543298445,Down
253,Trip19,Td00001aa039925_T001,OG0000260,-1.41503749927884,Down
254,Trip19,Td00001aa015308_T002,OG0016482,-1.43050890804128,Down
255,Trip19,Td00001aa037189_T002,OG0008665,-1.43830727860169,Down
256,Trip19,Td00001aa029643_T001,OG0002255,-1.44614803181887,Down
257,Trip19,Td00001aa002733_T002,OG0005595,-1.46593839757888,Down
258,Trip19,Td00001aa028382_T001,OG0006202,-1.46593839757888,Down
259,Trip19,Td00001aa043582_T001,OG0001916,-1.48600402063299,Down
260,Trip19,Td00001aa026247_T001,OG0010072,-1.50225991139091,Down
261,Trip19,Td00001aa024430_T001,OG0019855,-1.52284078881336,Down
262,Trip19,Td00001aa009125_T006,OG0005220,-1.53115605702536,Down
263,Trip19,Td00001aa006611_T001,OG0052122,-1.55215635563791,Down
264,Trip19,Td00001aa008136_T003,OG0002948,-1.55215635563791,Down
265,Trip19,Td00001aa011790_T001,OG0023989,-1.56064282152574,Down
266,Trip19,Td00001aa023670_T002,OG0021862,-1.56064282152574,Down
267,Trip19,Td00001aa012020_T001,OG0008133,-1.58640591759082,Down
268,Trip19,Td00001aa018507_T001,OG0000017,-1.58640591759082,Down
269,Trip19,Td00001aa003491_T001,OG0017969,-1.59074485331516,Down
270,Trip19,Td00001aa039924_T003,NA,-1.62148837674627,Down
271,Trip19,Td00001aa027665_T001,OG0000017,-1.63935479753978,Down
272,Trip19,Td00001aa029104_T001,OG0010826,-1.63935479753978,Down
273,Trip19,Td00001aa025644_T004,OG0021080,-1.64385618977472,Down
274,Trip19,Td00001aa021855_T002,OG0001312,-1.65290132937773,Down
275,Trip19,Td00001aa022195_T001,OG0000433,-1.67116353577046,Down
276,Trip19,Td00001aa006424_T002,OG0000269,-1.67576543772947,Down
277,Trip19,Td00001aa025549_T001,OG0050407,-1.73216460790239,Down
278,Trip19,Td00001aa008491_T001,OG0000017,-1.74661576419993,Down
279,Trip19,Td00001aa004529_T003,OG0012494,-1.7809089417538,Down
280,Trip19,Td00001aa005444_T003,OG0020036,-1.7809089417538,Down
281,Trip19,Td00001aa022118_T001,OG0053759,-1.9105018491609,Down
282,Trip19,Td00001aa033546_T001,OG0000950,-1.94897599697553,Down
283,Trip19,Td00001aa004680_T001,OG0015226,-1.96015973546821,Down
284,Trip19,Td00001aa018756_T002,OG0018913,-1.96015973546821,Down
285,Trip19,Td00001aa029037_T001,OG0000715,-1.98850436116217,Down
286,Trip19,Td00001aa017626_T002,OG0017969,-2.01158797427521,Down
287,Trip19,Td00001aa000441_T001,OG0006177,-2.01741705307741,Down
288,Trip19,Td00001aa035427_T003,NA,-2.07096652135414,Down
289,Trip19,Td00001aa034420_T001,OG0051255,-2.13923579737117,Down
290,Trip19,Td00001aa034417_T002,OG0035897,-2.15842936260448,Down
291,Trip19,Td00001aa000549_T001,OG0000047,-2.17788172527066,Down
292,Trip19,Td00001aa038554_T001,OG0003189,-2.45798964446339,Down
293,Trip19,Td00001aa027429_T002,OG0000047,-2.48196850739783,Down
294,Trip19,Td00001aa034421_T001,OG0051256,-2.51457317282976,Down
295,Trip19,Td00001aa034418_T002,OG0051254,-2.82623293226329,Down
296,Trip19,Td00001aa024952_T002,OG0001322,-3.01158797427521,Down
297,Trip19,Td00001aa027330_T003,NA,-3.13289427049735,Down
298,Trip19,Td00001aa037462_T002,OG0011308,-3.42662547355406,Down
1,Trip22,Td00001aa022594_T002,OG0022470,5.15286983726258,Up
2,Trip22,Td00001aa040338_T001,OG0051958,4.46209581983767,Up
3,Trip22,Td00001aa042603_T001,OG0020846,4.01716732894824,Up
4,Trip22,Td00001aa014362_T001,OG0016578,3.75210187624437,Up
5,Trip22,Td00001aa029496_T001,OG0016115,3.62932009661684,Up
6,Trip22,Td00001aa033307_T001,OG0000288,3.62361199877895,Up
7,Trip22,Td00001aa039438_T001,OG0015161,3.56106245486314,Up
8,Trip22,Td00001aa012719_T001,OG0010710,3.49115946660423,Up
9,Trip22,Td00001aa026590_T004,OG0016454,3.31048923636263,Up
10,Trip22,Td00001aa033192_T001,OG0000288,3.10600439833267,Up
11,Trip22,Td00001aa022969_T001,OG0013697,3.00185831055543,Up
12,Trip22,Td00001aa019280_T001,OG0000034,2.84663795876977,Up
13,Trip22,Td00001aa032866_T001,OG0014118,2.83079195291855,Up
14,Trip22,Td00001aa004040_T001,OG0009809,2.82923915273416,Up
15,Trip22,Td00001aa004295_T001,OG0012515,2.81770281159142,Up
16,Trip22,Td00001aa029174_T001,OG0010710,2.66542749919589,Up
17,Trip22,Td00001aa040575_T001,OG0001162,2.6468049312422,Up
18,Trip22,Td00001aa024379_T002,OG0012053,2.57830625764065,Up
19,Trip22,Td00001aa002232_T001,OG0014638,2.56882364389705,Up
20,Trip22,Td00001aa021652_T001,OG0022704,2.49441149662558,Up
21,Trip22,Td00001aa033308_T001,OG0000288,2.47147107764907,Up
22,Trip22,Td00001aa038053_T001,OG0037479,2.31393466521083,Up
23,Trip22,Td00001aa029231_T001,OG0013447,2.30336577348362,Up
24,Trip22,Td00001aa033760_T001,OG0009509,2.26760181332722,Up
25,Trip22,Td00001aa008985_T001,OG0005483,2.23839749777842,Up
26,Trip22,Td00001aa019363_T002,OG0008548,2.21222440575296,Up
27,Trip22,Td00001aa039232_T002,OG0002524,2.19856578703108,Up
28,Trip22,Td00001aa027028_T002,OG0014966,2.18723137671358,Up
29,Trip22,Td00001aa007217_T002,OG0010227,2.15470966559879,Up
30,Trip22,Td00001aa019065_T001,OG0005483,2.12670543560304,Up
31,Trip22,Td00001aa002847_T001,OG0001162,2.12593693016137,Up
32,Trip22,Td00001aa003480_T001,OG0005710,2.11911379050249,Up
33,Trip22,Td00001aa002603_T003,OG0011742,2.08634453136465,Up
34,Trip22,Td00001aa035379_T002,OG0004961,1.9720120328064,Up
35,Trip22,Td00001aa014878_T002,OG0020982,1.96480823701547,Up
36,Trip22,Td00001aa037279_T002,OG0008674,1.94483175247498,Up
37,Trip22,Td00001aa001268_T005,OG0013614,1.93542222127546,Up
38,Trip22,Td00001aa027912_T001,OG0024297,1.91560856990097,Up
39,Trip22,Td00001aa010483_T001,OG0010191,1.88407057170545,Up
40,Trip22,Td00001aa001511_T001,OG0014697,1.82096946220412,Up
41,Trip22,Td00001aa007570_T001,OG0005796,1.78930961136018,Up
42,Trip22,Td00001aa002372_T002,OG0026582,1.7666852950229,Up
43,Trip22,Td00001aa020796_T002,OG0010361,1.76667903044458,Up
44,Trip22,Td00001aa041145_T001,OG0021221,1.75967378190207,Up
45,Trip22,Td00001aa013828_T001,OG0010777,1.69482436171345,Up
46,Trip22,Td00001aa039340_T001,OG0025082,1.69467916332653,Up
47,Trip22,Td00001aa019508_T001,OG0021022,1.65962626439646,Up
48,Trip22,Td00001aa011371_T001,OG0003919,1.65283576932598,Up
49,Trip22,Td00001aa007022_T003,OG0000566,1.63106772296827,Up
50,Trip22,Td00001aa019248_T001,OG0003817,1.60195121908597,Up
51,Trip22,Td00001aa008864_T001,OG0009496,1.58039153580841,Up
52,Trip22,Td00001aa004721_T002,OG0021955,1.57744686311704,Up
53,Trip22,Td00001aa022640_T001,OG0018783,1.56926249141752,Up
54,Trip22,Td00001aa030923_T003,OG0000971,1.54400511174947,Up
55,Trip22,Td00001aa036507_T001,OG0013157,1.51923282990318,Up
56,Trip22,Td00001aa016799_T001,OG0003478,1.50051244707572,Up
57,Trip22,Td00001aa026443_T002,OG0023941,1.47801167611265,Up
58,Trip22,Td00001aa017178_T001,OG0009809,1.47223485533467,Up
59,Trip22,Td00001aa026000_T001,OG0000316,1.46702947010416,Up
60,Trip22,Td00001aa009874_T001,OG0000891,1.45557555624982,Up
61,Trip22,Td00001aa036836_T001,OG0024817,1.40337379976748,Up
62,Trip22,Td00001aa025008_T004,OG0000355,1.36952266483909,Up
63,Trip22,Td00001aa011954_T001,OG0018478,1.31675422729296,Up
64,Trip22,Td00001aa040072_T001,OG0008796,1.31440464927125,Up
65,Trip22,Td00001aa022963_T002,NA,1.31352796819334,Up
66,Trip22,Td00001aa011430_T003,OG0000711,1.31080174106185,Up
67,Trip22,Td00001aa024734_T004,OG0000289,1.30403470508822,Up
68,Trip22,Td00001aa003277_T001,OG0005728,1.28584276855704,Up
69,Trip22,Td00001aa036222_T002,OG0020497,1.27991490194617,Up
70,Trip22,Td00001aa018793_T002,OG0020952,1.27569954572757,Up
71,Trip22,Td00001aa018922_T002,OG0011068,1.26258020850715,Up
72,Trip22,Td00001aa033955_T003,OG0009585,1.24461471177476,Up
73,Trip22,Td00001aa010869_T003,OG0020681,1.2251272072664,Up
74,Trip22,Td00001aa007992_T002,OG0000646,1.2249153422966,Up
75,Trip22,Td00001aa033159_T002,OG0002600,1.2219150223239,Up
76,Trip22,Td00001aa027099_T001,OG0025930,1.21802523080235,Up
77,Trip22,Td00001aa013725_T006,OG0015799,1.21623662389427,Up
78,Trip22,Td00001aa029906_T001,OG0017690,1.21566243671102,Up
79,Trip22,Td00001aa006065_T001,OG0002031,1.20727417364965,Up
80,Trip22,Td00001aa041578_T002,OG0000110,1.20594618665779,Up
81,Trip22,Td00001aa014588_T001,OG0003817,1.19141193438828,Up
82,Trip22,Td00001aa009603_T001,OG0023978,1.18967908106853,Up
83,Trip22,Td00001aa021684_T001,OG0014773,1.18617522315136,Up
84,Trip22,Td00001aa033405_T001,OG0019996,1.180931273158,Up
85,Trip22,Td00001aa006961_T001,OG0000891,1.17444657677515,Up
86,Trip22,Td00001aa012809_T001,OG0022407,1.13243652733149,Up
87,Trip22,Td00001aa002742_T001,OG0019715,1.12751162383156,Up
88,Trip22,Td00001aa026124_T002,OG0021328,1.11640144019765,Up
89,Trip22,Td00001aa030219_T001,OG0008918,1.11106053651239,Up
90,Trip22,Td00001aa034501_T001,OG0037012,1.08518546222718,Up
91,Trip22,Td00001aa023611_T003,OG0008943,1.08492584707328,Up
92,Trip22,Td00001aa004869_T001,OG0013655,1.06560764413154,Up
93,Trip22,Td00001aa031973_T001,OG0018363,1.05760444998731,Up
94,Trip22,Td00001aa023055_T003,OG0008380,1.03494887159466,Up
95,Trip22,Td00001aa028586_T001,OG0013568,1.02803493558461,Up
96,Trip22,Td00001aa029686_T003,OG0023572,1.02541146485221,Up
97,Trip22,Td00001aa034166_T003,NA,1.01253704157441,Up
98,Trip22,Td00001aa001768_T001,OG0000227,1.011102347304,Up
99,Trip22,Td00001aa033616_T002,OG0023776,1.01024012956413,Up
100,Trip22,Td00001aa018860_T001,OG0000823,1.00568241084844,Up
101,Trip22,Td00001aa037706_T001,OG0017836,-1.00293256133541,Down
102,Trip22,Td00001aa019500_T002,OG0021020,-1.00639219651494,Down
103,Trip22,Td00001aa037347_T001,OG0019133,-1.01333364695109,Down
104,Trip22,Td00001aa008436_T001,OG0004515,-1.01474611037983,Down
105,Trip22,Td00001aa038427_T002,OG0001259,-1.0231355339745,Down
106,Trip22,Td00001aa004993_T001,OG0018010,-1.0267061851184,Down
107,Trip22,Td00001aa019942_T001,OG0000014,-1.02994011060812,Down
108,Trip22,Td00001aa035459_T004,OG0011466,-1.03346214976489,Down
109,Trip22,Td00001aa005791_T001,OG0012343,-1.04122991168879,Down
110,Trip22,Td00001aa039642_T001,OG0000012,-1.05140084877853,Down
111,Trip22,Td00001aa022874_T001,OG0001536,-1.05704070816467,Down
112,Trip22,Td00001aa040574_T002,OG0014578,-1.06248969379184,Down
113,Trip22,Td00001aa001759_T002,OG0009087,-1.06318749520364,Down
114,Trip22,Td00001aa001507_T002,OG0011875,-1.06474309684983,Down
115,Trip22,Td00001aa034575_T002,NA,-1.06938252105601,Down
116,Trip22,Td00001aa024620_T001,OG0001479,-1.07295070710007,Down
117,Trip22,Td00001aa039924_T003,NA,-1.07749200722702,Down
118,Trip22,Td00001aa040535_T001,OG0011701,-1.07865474057,Down
119,Trip22,Td00001aa001138_T001,OG0006869,-1.08033857795143,Down
120,Trip22,Td00001aa039086_T001,OG0006624,-1.08045577670591,Down
121,Trip22,Td00001aa017835_T001,OG0009913,-1.08320915931013,Down
122,Trip22,Td00001aa000108_T001,OG0014809,-1.08434872725706,Down
123,Trip22,Td00001aa038884_T003,NA,-1.09187226503953,Down
124,Trip22,Td00001aa037305_T002,OG0016748,-1.09190221731504,Down
125,Trip22,Td00001aa005684_T001,OG0009618,-1.09466191808494,Down
126,Trip22,Td00001aa041768_T003,OG0001124,-1.09814087998939,Down
127,Trip22,Td00001aa000920_T002,NA,-1.09944056131962,Down
128,Trip22,Td00001aa021716_T001,OG0014168,-1.1012878284984,Down
129,Trip22,Td00001aa007047_T001,OG0001095,-1.10158116933905,Down
130,Trip22,Td00001aa030296_T001,OG0000161,-1.10781451736206,Down
131,Trip22,Td00001aa021651_T001,OG0009193,-1.1078713252194,Down
132,Trip22,Td00001aa012053_T002,OG0016022,-1.10968222168267,Down
133,Trip22,Td00001aa011649_T002,OG0001019,-1.11707862218831,Down
134,Trip22,Td00001aa035827_T001,OG0003031,-1.1201373185706,Down
135,Trip22,Td00001aa005269_T001,OG0005593,-1.12518693309195,Down
136,Trip22,Td00001aa018619_T001,OG0018858,-1.1254349081236,Down
137,Trip22,Td00001aa038583_T001,OG0005050,-1.12814989751704,Down
138,Trip22,Td00001aa013672_T001,OG0010376,-1.13015453035332,Down
139,Trip22,Td00001aa001592_T001,OG0011860,-1.13098716246944,Down
140,Trip22,Td00001aa003350_T001,OG0009897,-1.13586895336921,Down
141,Trip22,Td00001aa003586_T003,NA,-1.13790257297633,Down
142,Trip22,Td00001aa039218_T001,OG0021560,-1.15267192944768,Down
143,Trip22,Td00001aa024871_T001,OG0007104,-1.1537061985301,Down
144,Trip22,Td00001aa014316_T001,OG0011144,-1.15772258814546,Down
145,Trip22,Td00001aa014231_T001,OG0021021,-1.16432203481613,Down
146,Trip22,Td00001aa037301_T003,OG0011466,-1.16436840890247,Down
147,Trip22,Td00001aa005444_T003,OG0020036,-1.1673209749763,Down
148,Trip22,Td00001aa002316_T001,OG0011783,-1.17161956523322,Down
149,Trip22,Td00001aa026412_T001,OG0009593,-1.17167743580487,Down
150,Trip22,Td00001aa028535_T002,OG0010347,-1.17641524145753,Down
151,Trip22,Td00001aa022737_T001,OG0020878,-1.18020630298301,Down
152,Trip22,Td00001aa025035_T001,OG0014928,-1.18039530111002,Down
153,Trip22,Td00001aa025123_T001,OG0000017,-1.18281615748417,Down
154,Trip22,Td00001aa018430_T003,OG0017005,-1.18533569454088,Down
155,Trip22,Td00001aa026554_T001,OG0020328,-1.2058148381928,Down
156,Trip22,Td00001aa006646_T002,OG0004982,-1.20851636844924,Down
157,Trip22,Td00001aa031551_T001,OG0020468,-1.21158021240703,Down
158,Trip22,Td00001aa034421_T001,OG0051256,-1.21292905616183,Down
159,Trip22,Td00001aa024202_T001,OG0000034,-1.21339983394076,Down
160,Trip22,Td00001aa006685_T001,OG0003621,-1.21543802119908,Down
161,Trip22,Td00001aa008365_T001,OG0000889,-1.23168229876342,Down
162,Trip22,Td00001aa042095_T001,OG0025808,-1.23393377082252,Down
163,Trip22,Td00001aa004680_T001,OG0015226,-1.2473848588998,Down
164,Trip22,Td00001aa013480_T001,OG0013978,-1.25139629178938,Down
165,Trip22,Td00001aa032227_T001,OG0002541,-1.26193850121305,Down
166,Trip22,Td00001aa016275_T003,OG0007331,-1.26342210143324,Down
167,Trip22,Td00001aa032831_T002,OG0007585,-1.26832657607842,Down
168,Trip22,Td00001aa012271_T001,OG0010347,-1.269485752453,Down
169,Trip22,Td00001aa024937_T005,NA,-1.2779321332694,Down
170,Trip22,Td00001aa027406_T001,OG0009378,-1.28166662672218,Down
171,Trip22,Td00001aa003491_T001,OG0017969,-1.28438108805807,Down
172,Trip22,Td00001aa026630_T001,OG0002556,-1.29047061738537,Down
173,Trip22,Td00001aa017372_T002,OG0001268,-1.29276091350042,Down
174,Trip22,Td00001aa027593_T001,OG0023177,-1.29337921189482,Down
175,Trip22,Td00001aa035198_T002,OG0008632,-1.29920313909751,Down
176,Trip22,Td00001aa032137_T001,OG0003031,-1.30698154678711,Down
177,Trip22,Td00001aa043750_T003,OG0002175,-1.30825222727724,Down
178,Trip22,Td00001aa015104_T001,OG0022523,-1.31345753036837,Down
179,Trip22,Td00001aa027648_T001,OG0000047,-1.31346867827463,Down
180,Trip22,Td00001aa036100_T001,OG0019301,-1.31803576676539,Down
181,Trip22,Td00001aa030762_T001,OG0002197,-1.3236659373853,Down
182,Trip22,Td00001aa006273_T001,OG0026667,-1.32567293044776,Down
183,Trip22,Td00001aa009680_T001,OG0000161,-1.3351037282898,Down
184,Trip22,Td00001aa023972_T001,OG0012018,-1.33632711814001,Down
185,Trip22,Td00001aa006536_T002,OG0011573,-1.34002016086624,Down
186,Trip22,Td00001aa026843_T001,OG0012209,-1.34901596901358,Down
187,Trip22,Td00001aa035935_T002,OG0013211,-1.35709569183588,Down
188,Trip22,Td00001aa025171_T003,OG0005405,-1.35957184843138,Down
189,Trip22,Td00001aa013976_T001,OG0019021,-1.36236943867753,Down
190,Trip22,Td00001aa007991_T003,OG0000646,-1.36993361746812,Down
191,Trip22,Td00001aa011427_T001,OG0000711,-1.37743628830763,Down
192,Trip22,Td00001aa018507_T001,OG0000017,-1.39061497010572,Down
193,Trip22,Td00001aa041542_T001,OG0007172,-1.39442578491291,Down
194,Trip22,Td00001aa002280_T001,OG0009045,-1.39951789021041,Down
195,Trip22,Td00001aa000549_T001,OG0000047,-1.40470876362206,Down
196,Trip22,Td00001aa020170_T003,OG0004264,-1.41032658259271,Down
197,Trip22,Td00001aa024225_T002,OG0021785,-1.41384332698863,Down
198,Trip22,Td00001aa016026_T002,OG0017751,-1.42288265132865,Down
199,Trip22,Td00001aa033052_T002,NA,-1.43022397221228,Down
200,Trip22,Td00001aa038271_T001,OG0008355,-1.45707122354378,Down
201,Trip22,Td00001aa033634_T001,OG0035043,-1.47350316131351,Down
202,Trip22,Td00001aa001856_T001,OG0005144,-1.48990640408291,Down
203,Trip22,Td00001aa036043_T002,OG0003663,-1.50856170526555,Down
204,Trip22,Td00001aa014847_T001,OG0016532,-1.51101547379237,Down
205,Trip22,Td00001aa024952_T002,OG0001322,-1.53205870668632,Down
206,Trip22,Td00001aa004249_T001,OG0000715,-1.54170070648808,Down
207,Trip22,Td00001aa042790_T001,OG0000161,-1.5434564381123,Down
208,Trip22,Td00001aa017003_T001,OG0000715,-1.56164662278932,Down
209,Trip22,Td00001aa024936_T001,OG0001655,-1.57414404799219,Down
210,Trip22,Td00001aa018400_T001,OG0014299,-1.5960970248746,Down
211,Trip22,Td00001aa009581_T001,OG0018053,-1.60093280882643,Down
212,Trip22,Td00001aa017913_T001,OG0016974,-1.61195640959934,Down
213,Trip22,Td00001aa039445_T001,OG0007346,-1.62120278011023,Down
214,Trip22,Td00001aa011016_T004,OG0010033,-1.62168312055234,Down
215,Trip22,Td00001aa023196_T001,OG0008368,-1.6308329047125,Down
216,Trip22,Td00001aa034418_T002,OG0051254,-1.65842984483663,Down
217,Trip22,Td00001aa012141_T001,OG0010650,-1.67875126741174,Down
218,Trip22,Td00001aa025078_T002,OG0014932,-1.67902435142364,Down
219,Trip22,Td00001aa009575_T001,OG0000017,-1.68247153774241,Down
220,Trip22,Td00001aa014042_T002,OG0008575,-1.70575577979541,Down
221,Trip22,Td00001aa034793_T001,OG0000017,-1.72946179210121,Down
222,Trip22,Td00001aa035427_T001,OG0019237,-1.76220575850997,Down
223,Trip22,Td00001aa024805_T002,OG0000047,-1.82130126740379,Down
224,Trip22,Td00001aa024292_T003,OG0014852,-1.83534547713993,Down
225,Trip22,Td00001aa000125_T004,OG0021197,-1.84101674191573,Down
226,Trip22,Td00001aa012885_T001,OG0016205,-1.84334529135391,Down
227,Trip22,Td00001aa023647_T003,OG0014482,-1.85470945557044,Down
228,Trip22,Td00001aa018756_T002,OG0018913,-1.86301729050067,Down
229,Trip22,Td00001aa016360_T001,OG0015414,-1.90554389167943,Down
230,Trip22,Td00001aa033015_T001,OG0000915,-1.90909988904597,Down
231,Trip22,Td00001aa013434_T001,OG0000017,-1.91337512078857,Down
232,Trip22,Td00001aa020748_T003,OG0000185,-1.91978351586778,Down
233,Trip22,Td00001aa005230_T005,OG0007331,-1.96851008782918,Down
234,Trip22,Td00001aa008491_T001,OG0000017,-1.97461544518953,Down
235,Trip22,Td00001aa005184_T001,OG0012452,-1.99024082701818,Down
236,Trip22,Td00001aa029037_T001,OG0000715,-2.00529981767195,Down
237,Trip22,Td00001aa008397_T002,OG0010152,-2.05626970374169,Down
238,Trip22,Td00001aa029351_T001,OG0020806,-2.13483146344824,Down
239,Trip22,Td00001aa027429_T002,OG0000047,-2.2558132376728,Down
240,Trip22,Td00001aa027330_T001,OG0001322,-2.88408534585679,Down
241,Trip22,Td00001aa000967_T002,NA,-2.91139937402286,Down
