protein_id,go_id,Term,PPV
Ag00001aa005889_T001,GO:0006002,fructose 6-phosphate metabolic process,0.748154026219
Ag00001aa009144_T001,GO:0006096,glycolytic process,0.703680961869
Ag00001aa009579_T001,GO:0006457,protein folding,0.612947948515
Ag00001aa009716_T001,GO:0009408,response to heat,0.726088960718
Ag00001aa009888_T001,GO:0006457,protein folding,0.676287479919
Ag00001aa012894_T001,GO:0050832,defense response to fungus,0.798757740756
Ag00001aa014453_T001,GO:0006457,protein folding,0.577105383792
Ag00001aa015171_T001,GO:0009631,cold acclimation,0.851335650393
Ag00001aa017895_T001,GO:0009409,response to cold,0.537982518607
Ag00001aa018455_T003,GO:0005982,starch metabolic process,0.353075250464
Ag00001aa019017_T001,GO:0006457,protein folding,0.676287466065
Ag00001aa019394_T001,GO:0006457,protein folding,0.676287950591
Ag00001aa022279_T001,GO:0006457,protein folding,0.676287961717
Ag00001aa022644_T002,GO:0006096,glycolytic process,0.703665609544
Ag00001aa028565_T001,GO:0009737,response to abscisic acid,0.807268719963
Ag00001aa029945_T001,GO:0006006,glucose metabolic process,0.70693343105
Ag00001aa041516_T001,GO:0009737,response to abscisic acid,0.807307512259
Ag00001aa044676_T001,GO:0050832,defense response to fungus,0.559327355948
Ag00001aa047169_T001,GO:0006457,protein folding,0.676287942701
Ag00001aa047794_T002,GO:0006090,pyruvate metabolic process,0.66492867069
Ag00001aa052871_T001,GO:0006457,protein folding,0.67602899037
Ag00001aa053088_T001,GO:0006002,fructose 6-phosphate metabolic process,0.752079383116
Ag00001aa055541_T001,GO:0006457,protein folding,0.67628459421
Ag00001aa055898_T001,GO:0009631,cold acclimation,0.80898370162
Ag00001aa064944_T001,GO:0009631,cold acclimation,0.449147515482
Ag00001aa065968_T001,GO:0000162,tryptophan biosynthetic process,0.729087880106
Ag00001aa067474_T001,GO:0009409,response to cold,0.498707760923
Ag00001aa078823_T001,GO:0006457,protein folding,0.556172254577
Ag00001aa088228_T002,GO:0019252,starch biosynthetic process,0.830589543698
Ag00001aa092812_T001,GO:0000272,polysaccharide catabolic process,0.66189182548
Ag00001aa096557_T001,GO:0006749,glutathione metabolic process,0.730637283447
Ag00001aa097918_T001,GO:0006457,protein folding,0.606852305724
Ag00001aa097924_T001,GO:0006457,protein folding,0.535630812239
Ag00001aa100594_T001,GO:0009408,response to heat,0.725993030941
Ag00001aa102742_T001,GO:0009408,response to heat,0.726089967443
Ag00001aa104120_T004,GO:0006090,pyruvate metabolic process,0.692519853316
Ag00001aa110604_T001,GO:0009409,response to cold,0.497848551068
Ag00001aa111933_T001,GO:0009631,cold acclimation,0.645392507067
Ag00001aa118595_T001,GO:0006457,protein folding,0.51433775839
Ag00001aa120445_T001,GO:0050832,defense response to fungus,0.59006295311
Ag00001aa121107_T001,GO:0009737,response to abscisic acid,0.807381594606
Ag00001aa123995_T001,GO:0006457,protein folding,0.676032802847
Ag00001aa124402_T001,GO:0000272,polysaccharide catabolic process,0.705267852507
Ag00001aa135121_T001,GO:0006749,glutathione metabolic process,0.730632183157
Ag00001aa141013_T001,GO:0006090,pyruvate metabolic process,0.665183571088
Ag00001aa143736_T001,GO:0006457,protein folding,0.556299701565
Ag00001aa156538_T001,GO:0006457,protein folding,0.676287770305
Misin01G106600.1.v7.1,GO:0006457,protein folding,0.676287622886
Misin01G316300.1.v7.1,GO:0034605,cellular response to heat,0.748767964181
Misin01G469600.1.v7.1,GO:0009414,response to water deprivation,0.825515376641
Misin01G486600.1.v7.1,GO:0005982,starch metabolic process,0.353206124425
Misin01G502300.1.v7.1,GO:0000162,tryptophan biosynthetic process,0.730867267788
Misin02G173100.1.v7.1,GO:0009737,response to abscisic acid,0.806433236637
Misin02G401700.1.v7.1,GO:0000162,tryptophan biosynthetic process,0.730943387388
Misin03G046400.1.v7.1,GO:0000162,tryptophan biosynthetic process,0.730942287221
Misin05G173500.1.v7.1,GO:0009409,response to cold,0.529251435233
Misin07G367300.1.v7.1,GO:0006749,glutathione metabolic process,0.701402353243
Misin07G513900.1.v7.1,GO:0006457,protein folding,0.675722528005
Misin11G171000.1.v7.1,GO:0009414,response to water deprivation,0.454737113174
Misin18G152900.1.v7.1,GO:0009631,cold acclimation,0.571480240811
Misin18G170000.1.v7.1,GO:0006749,glutathione metabolic process,0.730641033042
Misin18G197900.1.v7.1,GO:0000162,tryptophan biosynthetic process,0.730944230079
MisinT036500.1.v7.1,GO:0000162,tryptophan biosynthetic process,0.730944024272
MisinT206400.1.v7.1,GO:0009414,response to water deprivation,0.597772982904
PvWBCH1.1KG060800.1.v1.1,GO:0034605,cellular response to heat,0.744665487095
PvWBCH1.1KG077700.1.v1.1,GO:0009408,response to heat,0.72598800882
PvWBCH1.1KG182300.1.v1.1,GO:0009631,cold acclimation,0.822119748466
PvWBCH1.1KG197100.2.v1.1,GO:0006749,glutathione metabolic process,0.699634110953
PvWBCH1.1KG339700.1.v1.1,GO:0006457,protein folding,0.636399332357
PvWBCH1.1NG251700.1.v1.1,GO:0009631,cold acclimation,0.822329467399
PvWBCH1.1NG326900.1.v1.1,GO:0006457,protein folding,0.651008706802
PvWBCH1.2NG099400.2.v1.1,GO:0019252,starch biosynthetic process,0.830589605274
PvWBCH1.3KG054000.1.v1.1,GO:0006749,glutathione metabolic process,0.681283223468
PvWBCH1.3KG150300.3.v1.1,GO:0019252,starch biosynthetic process,0.830589326011
PvWBCH1.3KG190900.1.v1.1,GO:0034605,cellular response to heat,0.675115888952
PvWBCH1.3NG049700.1.v1.1,GO:0006749,glutathione metabolic process,0.687293274825
PvWBCH1.3NG084400.1.v1.1,GO:0006397,mRNA processing,0.428786795382
PvWBCH1.3NG101500.1.v1.1,GO:0042542,response to hydrogen peroxide,0.34856202436
PvWBCH1.3NG170900.1.v1.1,GO:0009631,cold acclimation,0.416411886776
PvWBCH1.3NG181100.1.v1.1,GO:0006002,fructose 6-phosphate metabolic process,0.76001737375
PvWBCH1.4KG012300.1.v1.1,GO:0006397,mRNA processing,0.591938317553
PvWBCH1.4KG117700.1.v1.1,GO:0009414,response to water deprivation,0.568718119847
PvWBCH1.4KG144600.1.v1.1,GO:0009631,cold acclimation,0.53495531017
PvWBCH1.4KG237100.3.v1.1,GO:0006096,glycolytic process,0.705608046968
PvWBCH1.4KG245900.1.v1.1,GO:0010608,post-transcriptional regulation of gene ...,0.668704413856
PvWBCH1.4KG275100.1.v1.1,GO:0005982,starch metabolic process,0.806807521272
PvWBCH1.4NG080700.1.v1.1,GO:0019252,starch biosynthetic process,0.830589482177
PvWBCH1.4NG206200.1.v1.1,GO:0006096,glycolytic process,0.705608039397
PvWBCH1.5KG046700.1.v1.1,GO:0009414,response to water deprivation,0.593133749592
PvWBCH1.5KG263500.1.v1.1,GO:0006032,chitin catabolic process,0.39764219158
PvWBCH1.5KG266500.1.v1.1,GO:0006749,glutathione metabolic process,0.730611740609
PvWBCH1.5KG299900.1.v1.1,GO:0006090,pyruvate metabolic process,0.665830302144
PvWBCH1.5KG363600.1.v1.1,GO:0006457,protein folding,0.67628798985
PvWBCH1.5NG174900.1.v1.1,GO:0006397,mRNA processing,0.342226374245
PvWBCH1.5NG286600.1.v1.1,GO:0006090,pyruvate metabolic process,0.663689954634
PvWBCH1.5NG350300.1.v1.1,GO:0006457,protein folding,0.676287941444
PvWBCH1.6KG070500.2.v1.1,GO:0001101,response to acid chemical,0.351855191041
PvWBCH1.6KG070600.1.v1.1,GO:0001101,response to acid chemical,0.350856576404
PvWBCH1.7KG090500.2.v1.1,GO:0005982,starch metabolic process,0.821329675098
PvWBCH1.7KG134800.1.v1.1,GO:0006002,fructose 6-phosphate metabolic process,0.750929556865
PvWBCH1.7KG230700.1.v1.1,GO:0006397,mRNA processing,0.450590116317
PvWBCH1.7NG099500.1.v1.1,GO:0005982,starch metabolic process,0.821549990366
PvWBCH1.7NG293600.1.v1.1,GO:0050832,defense response to fungus,0.516424822731
PvWBCH1.8KG070500.1.v1.1,GO:0006457,protein folding,0.676216131776
PvWBCH1.8KG089500.1.v1.1,GO:0050832,defense response to fungus,0.539690505926
PvWBCH1.8NG151200.1.v1.1,GO:0005982,starch metabolic process,0.823913810702
PvWBCH1.9KG056000.1.v1.1,GO:0006749,glutathione metabolic process,0.729341048888
PvWBCH1.9KG185700.1.v1.1,GO:0009737,response to abscisic acid,0.807315074072
PvWBCH1.9KG319800.1.v1.1,GO:0006749,glutathione metabolic process,0.730641966943
PvWBCH1.9KG321100.1.v1.1,GO:0006749,glutathione metabolic process,0.730642943405
PvWBCH1.9KG321200.1.v1.1,GO:0006749,glutathione metabolic process,0.730642393781
PvWBCH1.9KG328200.1.v1.1,GO:0006090,pyruvate metabolic process,0.692519729681
PvWBCH1.9KG375900.1.v1.1,GO:0005982,starch metabolic process,0.53559258229
PvWBCH1.9KG381100.1.v1.1,GO:0006096,glycolytic process,0.703668904063
PvWBCH1.9KG512900.1.v1.1,GO:0000272,polysaccharide catabolic process,0.662932913638
PvWBCH1.9KG533800.1.v1.1,GO:0000272,polysaccharide catabolic process,0.514179986998
PvWBCH1.9NG055800.1.v1.1,GO:0006749,glutathione metabolic process,0.730161741119
PvWBCH1.9NG181900.1.v1.1,GO:0009737,response to abscisic acid,0.807352048588
PvWBCH1.9NG286200.1.v1.1,GO:0009651,response to salt stress,0.543612486598
PvWBCH1.9NG341500.1.v1.1,GO:0006457,protein folding,0.667353413218
PvWBCH1.9NG371600.1.v1.1,GO:0006096,glycolytic process,0.703679184112
PvWBCH1.9NG442300.1.v1.1,GO:0006457,protein folding,0.67628748466
PvWBCH1.9NG449100.1.v1.1,GO:0009408,response to heat,0.726058559188
PvWBCH1.9NG479100.4.v1.1,GO:0009414,response to water deprivation,0.825069273452
PvWBCH1.9NG497900.1.v1.1,GO:0005982,starch metabolic process,0.372766146364
PvWBCH1.9NG503500.1.v1.1,GO:0000272,polysaccharide catabolic process,0.697243274479
PvWBCH1.9NG518000.1.v1.1,GO:0006457,protein folding,0.676287536119
Sn00001aa000144_T001,GO:0000162,tryptophan biosynthetic process,0.730867710321
Sn00001aa001175_T001,GO:0006096,glycolytic process,0.703685512569
Sn00001aa001519_T001,GO:0034605,cellular response to heat,0.748594585708
Sn00001aa004579_T001,GO:0009737,response to abscisic acid,0.807294229562
Sn00001aa005515_T001,GO:0006749,glutathione metabolic process,0.72943904925
Sn00001aa007068_T001,GO:0006090,pyruvate metabolic process,0.659334018957
Sn00001aa007255_T001,GO:0006749,glutathione metabolic process,0.730638987866
Sn00001aa010461_T001,GO:0006096,glycolytic process,0.705608069721
Sn00001aa011441_T001,GO:0000162,tryptophan biosynthetic process,0.730867596498
Sn00001aa014328_T001,GO:0005982,starch metabolic process,0.535943020122
Sn00001aa014825_T001,GO:0006457,protein folding,0.676287481001
Sn00001aa030610_T001,GO:0006002,fructose 6-phosphate metabolic process,0.752367032691
Sn00001aa041377_T001,GO:0006457,protein folding,0.590369258006
Sn00001aa045518_T001,GO:0006457,protein folding,0.454322375376
Sn00001aa050399_T001,GO:0000272,polysaccharide catabolic process,0.666599558752
Sn00001aa051893_T001,GO:0050832,defense response to fungus,0.798769843647
Sn00001aa053959_T001,GO:0009408,response to heat,0.485186154663
Sn00001aa060716_T002,GO:0000162,tryptophan biosynthetic process,0.73094403291
Sn00001aa062552_T001,GO:0000272,polysaccharide catabolic process,0.660151933909
Sn00001aa065278_T001,GO:0009737,response to abscisic acid,0.357856419506
Sn00001aa067886_T001,GO:0050832,defense response to fungus,0.799238170991
Sn00001aa069832_T001,GO:0034605,cellular response to heat,0.74774820813
Sn00001aa080797_T001,GO:0000162,tryptophan biosynthetic process,0.380681747245
Sn00001aa086694_T001,GO:0019252,starch biosynthetic process,0.825565761558
Sn00001aa088201_T001,GO:0009414,response to water deprivation,0.445658827442
Sn00001aa089776_T001,GO:0000162,tryptophan biosynthetic process,0.730940596234
Sn00001aa092320_T001,GO:0006749,glutathione metabolic process,0.729899648905
Sn00001aa099345_T002,GO:0010608,post-transcriptional regulation of gene ...,0.658081463734
Sn00001aa100959_T001,GO:0019252,starch biosynthetic process,0.830589307648
Td00001aa000236_T001,GO:0009409,response to cold,0.383767491086
Td00001aa001511_T001,GO:0006749,glutathione metabolic process,0.730642628749
Td00001aa002372_T002,GO:0019252,starch biosynthetic process,0.830589597415
Td00001aa002742_T001,GO:0050832,defense response to fungus,0.576344685214
Td00001aa003426_T001,GO:0006457,protein folding,0.675731046116
Td00001aa003480_T001,GO:0009409,response to cold,0.416512122679
Td00001aa004040_T001,GO:0009631,cold acclimation,0.822388613811
Td00001aa004721_T002,GO:0005982,starch metabolic process,0.812789340241
Td00001aa005038_T001,GO:0009631,cold acclimation,0.851698991499
Td00001aa006961_T001,GO:0009409,response to cold,0.539640893752
Td00001aa008985_T001,GO:0006457,protein folding,0.448289240379
Td00001aa009381_T001,GO:0009408,response to heat,0.726002915579
Td00001aa009874_T001,GO:0009409,response to cold,0.539695057491
Td00001aa010483_T001,GO:0006090,pyruvate metabolic process,0.670554495723
Td00001aa010483_T002,GO:0006090,pyruvate metabolic process,0.668957691944
Td00001aa010744_T002,GO:0006096,glycolytic process,0.703654750738
Td00001aa011129_T003,GO:0009651,response to salt stress,0.446390367982
Td00001aa012305_T002,GO:0009414,response to water deprivation,0.445683665118
Td00001aa012719_T001,GO:0000272,polysaccharide catabolic process,0.705267956634
Td00001aa012809_T001,GO:0006002,fructose 6-phosphate metabolic process,0.753879410504
Td00001aa012926_T001,GO:0006457,protein folding,0.676054090441
Td00001aa013725_T006,GO:0005982,starch metabolic process,0.375113436449
Td00001aa014362_T001,GO:0009408,response to heat,0.726056829141
Td00001aa014480_T001,GO:0006457,protein folding,0.573657282372
Td00001aa014878_T002,GO:0005982,starch metabolic process,0.535632107805
Td00001aa017178_T001,GO:0009631,cold acclimation,0.796125693911
Td00001aa017178_T002,GO:0009631,cold acclimation,0.796125693911
Td00001aa018793_T002,GO:0034605,cellular response to heat,0.748601560705
Td00001aa018860_T001,GO:0006749,glutathione metabolic process,0.725705019119
Td00001aa019065_T001,GO:0006457,protein folding,0.460607057486
Td00001aa019280_T001,GO:0006457,protein folding,0.676287956874
Td00001aa019475_T001,GO:0009737,response to abscisic acid,0.466126510186
Td00001aa019508_T001,GO:0006457,protein folding,0.676287492806
Td00001aa020796_T002,GO:0019252,starch biosynthetic process,0.828069401288
Td00001aa021055_T002,GO:0009409,response to cold,0.405145694471
Td00001aa021652_T001,GO:0006081,cellular aldehyde metabolic process,0.34364167485
Td00001aa022594_T002,GO:0009631,cold acclimation,0.553760941814
Td00001aa022640_T001,GO:0034605,cellular response to heat,0.691181693058
Td00001aa023611_T003,GO:0009651,response to salt stress,0.405855203566
Td00001aa024450_T001,GO:0006749,glutathione metabolic process,0.727045528404
Td00001aa024451_T001,GO:0006749,glutathione metabolic process,0.730641439784
Td00001aa026443_T002,GO:0010608,post-transcriptional regulation of gene ...,0.693502965372
Td00001aa028586_T001,GO:0009414,response to water deprivation,0.411878972016
Td00001aa029174_T001,GO:0000272,polysaccharide catabolic process,0.705267979074
Td00001aa029258_T001,GO:0009651,response to salt stress,0.380585718578
Td00001aa029363_T001,GO:0000162,tryptophan biosynthetic process,0.730941551725
Td00001aa029496_T001,GO:0006457,protein folding,0.676121533527
Td00001aa029686_T003,GO:0005982,starch metabolic process,0.821522702346
Td00001aa030923_T003,GO:0009737,response to abscisic acid,0.357271096543
Td00001aa031767_T001,GO:0006457,protein folding,0.37035555706
Td00001aa033192_T001,GO:0006457,protein folding,0.515547298848
Td00001aa033307_T001,GO:0006457,protein folding,0.59011268829
Td00001aa033308_T001,GO:0006457,protein folding,0.570034493288
Td00001aa033621_T001,GO:0006457,protein folding,0.482973427133
Td00001aa033955_T003,GO:0006081,cellular aldehyde metabolic process,0.699127336411
Td00001aa036507_T001,GO:0009408,response to heat,0.7261067208
Td00001aa037279_T002,GO:0019252,starch biosynthetic process,0.830589551045
Td00001aa038053_T001,GO:0019252,starch biosynthetic process,0.830586830397
Td00001aa041578_T002,GO:0006457,protein folding,0.676287690487
