protein_id,species,orthogroup,rank,log2FC,DAP,description,go_id,Term,PPV
Ag00001aa069057_T001,Ag,OG0013692,1,2.7204973704823456,Up,Phospholipid-binding protein,NA,NA,NA
Ag00001aa124402_T001,Ag,OG0010710,2,2.7057567820497974,Up,chitinase,GO:0000272,polysaccharide catabolic process,0.705267852507
Ag00001aa071693_T001,Ag,OG0012032,3,2.685043089476681,Up,Actin-depolymerizing factor 2,NA,NA,NA
Ag00001aa122642_T001,Ag,OG0011610,4,2.6470842126289535,Up,Subtilisin-chymotrypsin inhibitor-2A,NA,NA,NA
Ag00001aa157044_T001,Ag,OG0016166,5,2.636682617168484,Up,SMP domain-containing protein,NA,NA,NA
Ag00001aa069574_T002,Ag,OG0022470,6,2.595503660502742,Up,Late embryogenesis abundant protein 3,NA,NA,NA
Ag00001aa111933_T001,Ag,OG0022470,7,2.541019153133559,Up,Late embryogenesis abundant protein 3,GO:0009631,cold acclimation,0.645392507067
Ag00001aa114791_T001,Ag,OG0002925,8,2.453649266043291,Up,NA,NA,NA,NA
Ag00001aa020048_T001,Ag,OG0008483,9,2.4515408330178317,Up,NA,NA,NA,NA
Ag00001aa014453_T001,Ag,OG0000288,10,2.3881895371560837,Up,Class I heat shock protein 1,GO:0006457,protein folding,0.577105383792
Ag00001aa078823_T001,Ag,OG0000288,11,2.3801753117420255,Up,Class I heat shock protein 1,GO:0006457,protein folding,0.556172254577
Ag00001aa064944_T001,Ag,OG0022470,12,2.339137384919585,Up,Late embryogenesis abundant protein 3,GO:0009631,cold acclimation,0.449147515482
Ag00001aa120298_T001,Ag,OG0008270,13,2.283329168051641,Up,GH18 domain-containing protein,NA,NA,NA
Ag00001aa097918_T001,Ag,OG0000288,14,2.2764966656403565,Up,Class I heat shock protein 1,GO:0006457,protein folding,0.606852305724
Ag00001aa097924_T001,Ag,OG0000288,15,2.25368678273227,Up,Class I heat shock protein 1,GO:0006457,protein folding,0.535630812239
Ag00001aa028565_T001,Ag,OG0009444,16,2.249445341085839,Up,Low-temperature-induced 65 kDa protein,GO:0009737,response to abscisic acid,0.807268719963
Ag00001aa013246_T001,Ag,OG0005269,17,2.211012193485512,Up,Ribonuclease 1,NA,NA,NA
Ag00001aa143736_T001,Ag,OG0000288,18,2.125320473714413,Up,Class I heat shock protein 1,GO:0006457,protein folding,0.556299701565
Ag00001aa006944_T001,Ag,OG0020442,19,2.120351940365222,Up,NA,NA,NA,NA
Ag00001aa041516_T001,Ag,OG0009444,20,2.106348319505147,Up,Low-temperature-induced 65 kDa protein,GO:0009737,response to abscisic acid,0.807307512259
Ag00001aa100594_T001,Ag,OG0015134,21,2.0854246562526777,Up,"Heat shock protein, mitochondrial",GO:0009408,response to heat,0.725993030941
Ag00001aa052871_T001,Ag,NA,22,2.0765590951316044,Up,23.2 kDa heat shock protein-like,GO:0006457,protein folding,0.67602899037
Ag00001aa121107_T001,Ag,OG0009444,23,2.0721058004804194,Up,Low-temperature-induced 65 kDa protein,GO:0009737,response to abscisic acid,0.807381594606
Ag00001aa116892_T001,Ag,OG0025357,24,2.0538064436957937,Up,rRNA N-glycosylase,NA,NA,NA
Ag00001aa023522_T001,Ag,OG0016454,25,2.0538064436957937,Up,"39 kDa EF-Hand containing protein, putative, expressed",NA,NA,NA
Ag00001aa009144_T001,Ag,NA,26,2.035975743665129,Up,"phosphoglycerate mutase (2,3-diphosphoglycerate-independent)",GO:0006096,glycolytic process,0.703680961869
Ag00001aa064445_T001,Ag,OG0013692,27,2.034919984349159,Up,Phospholipid-binding protein,NA,NA,NA
Ag00001aa102742_T001,Ag,OG0016578,28,2.032100843167024,Up,Small heat shock protein 26,GO:0009408,response to heat,0.726089967443
Ag00001aa076340_T001,Ag,OG0026292,29,1.973794929652606,Up,NA,NA,NA,NA
Ag00001aa064448_T001,Ag,OG0008398,30,1.9392265777282087,Up,pyruvate decarboxylase,NA,NA,NA
Ag00001aa047463_T001,Ag,OG0008092,31,1.9263790251998787,Up,protein-disulfide reductase,NA,NA,NA
Ag00001aa099855_T001,Ag,OG0041136,32,1.9160944229383583,Up,Preproricin (Fragment),NA,NA,NA
Ag00001aa015316_T001,Ag,OG0005796,33,1.8999489861896717,Up,Peroxidase,NA,NA,NA
Ag00001aa004824_T001,Ag,OG0000654,34,1.899562360154693,Up,Dirigent protein (Fragment),NA,NA,NA
Ag00001aa022279_T001,Ag,OG0000034,35,1.892196710465485,Up,Heat shock protein 70,GO:0006457,protein folding,0.676287961717
Ag00001aa156538_T001,Ag,OG0000110,36,1.8675011509223944,Up,Heat shock protein 83,GO:0006457,protein folding,0.676287770305
Ag00001aa129885_T002,Ag,OG0016166,37,1.8483975995281936,Up,Late embryogenesis abundant,NA,NA,NA
Ag00001aa106444_T001,Ag,OG0016166,38,1.8387501183331385,Up,Late embryogenesis abundant,NA,NA,NA
Ag00001aa004820_T001,Ag,OG0000654,39,1.8213020398895297,Up,Dirigent protein (Fragment),NA,NA,NA
Ag00001aa110604_T001,Ag,OG0001296,40,1.8184415757641648,Up,Thioredoxin domain-containing protein,GO:0009409,response to cold,0.497848551068
Ag00001aa151368_T001,Ag,OG0010082,41,1.8122928448732711,Up,Peroxidase,NA,NA,NA
Ag00001aa012571_T001,Ag,OG0022704,42,1.811881996218668,Up,Aconitate hydratase,NA,NA,NA
Ag00001aa141013_T001,Ag,OG0010191,43,1.8069426645777624,Up,Malic enzyme,GO:0006090,pyruvate metabolic process,0.665183571088
Ag00001aa012894_T001,Ag,OG0006941,44,1.7845039829295666,Up,Zeamatin,GO:0050832,defense response to fungus,0.798757740756
Ag00001aa123995_T001,Ag,OG0016115,45,1.78114985171021,Up,23.2 kDa heat shock protein-like,GO:0006457,protein folding,0.676032802847
Ag00001aa104490_T001,Ag,OG0013697,46,1.7794698572951697,Up,NADP-dependent oxidoreductase domain-containing protein,NA,NA,NA
Ag00001aa009716_T001,Ag,OG0016578,47,1.7523204284596705,Up,Small heat shock protein 26,GO:0009408,response to heat,0.726088960718
Ag00001aa018649_T001,Ag,OG0008582,48,1.729008870337863,Up,Embryonic protein DC-8,NA,NA,NA
Ag00001aa019394_T001,Ag,NA,49,1.7154541271157178,Up,Heat shock protein 70,GO:0006457,protein folding,0.676287950591
Ag00001aa118595_T001,Ag,OG0000288,50,1.7110543218120664,Up,Small heat shock protein HSP,GO:0006457,protein folding,0.51433775839
Ag00001aa047794_T002,Ag,OG0010191,51,1.70310069960416,Up,Malic enzyme,GO:0006090,pyruvate metabolic process,0.66492867069
Ag00001aa061896_T002,Ag,OG0003728,52,1.70310069960416,Up,NA,NA,NA,NA
Ag00001aa146322_T001,Ag,OG0033092,53,1.698218478224414,Up,WIBG Mago-binding domain-containing protein,NA,NA,NA
Ag00001aa088228_T002,Ag,NA,54,1.6959938131099002,Up,"Starch synthase, chloroplastic/amyloplastic",GO:0019252,starch biosynthetic process,0.830589543698
Ag00001aa031593_T001,Ag,OG0022016,55,1.6843699290130068,Up,DUF6817 domain-containing protein (Fragment),NA,NA,NA
Ag00001aa021532_T001,Ag,OG0008582,56,1.674008608617225,Up,Embryonic protein DC-8,NA,NA,NA
Ag00001aa019936_T001,Ag,OG0021544,57,1.6653927710418914,Up,"Quinone-oxidoreductase homolog, chloroplastic",NA,NA,NA
Ag00001aa092812_T001,Ag,OG0001959,58,1.655351828612554,Up,chitinase,GO:0000272,polysaccharide catabolic process,0.66189182548
Ag00001aa135121_T001,Ag,OG0000642,59,1.6512239429898776,Up,Glutathione S-transferase,GO:0006749,glutathione metabolic process,0.730632183157
Ag00001aa015322_T001,Ag,OG0018059,60,1.6433944534798923,Up,Peroxidase,NA,NA,NA
Ag00001aa055898_T001,Ag,OG0009809,61,1.611172380044005,Up,Dehydrin,GO:0009631,cold acclimation,0.80898370162
Ag00001aa107539_T001,Ag,OG0025357,62,1.6107000621347642,Up,rRNA N-glycosylase,NA,NA,NA
Ag00001aa022335_T001,Ag,OG0008528,63,1.6097549621724434,Up,Safener induced1,NA,NA,NA
Ag00001aa104120_T004,Ag,OG0006161,64,1.6059683588414584,Up,"Pyruvate, phosphate dikinase",GO:0006090,pyruvate metabolic process,0.692519853316
Ag00001aa009020_T002,Ag,OG0008494,65,1.599793852122242,Up,UDP-glucose 4-epimerase,NA,NA,NA
Ag00001aa088349_T001,Ag,OG0004961,66,1.591200672932376,Up,Fe2OG dioxygenase domain-containing protein,NA,NA,NA
Ag00001aa007156_T002,Ag,OG0003728,67,1.5714341158765093,Up,CSD domain-containing protein,NA,NA,NA
Ag00001aa027609_T001,Ag,OG0024318,68,1.56900492681818,Up,NA,NA,NA,NA
Ag00001aa096557_T001,Ag,OG0000823,69,1.5577776713949258,Up,Glutathione S-transferase,GO:0006749,glutathione metabolic process,0.730637283447
Ag00001aa022644_T002,Ag,NA,70,1.556797246592743,Up,"phosphoglycerate mutase (2,3-diphosphoglycerate-independent)",GO:0006096,glycolytic process,0.703665609544
Ag00001aa023126_T001,Ag,OG0018902,71,1.5315686088149625,Up,Pathogenesis-related protein 1-21,NA,NA,NA
Ag00001aa044676_T001,Ag,OG0000863,72,1.5310694927259545,Up,Xylanase inhibitor protein 1,GO:0050832,defense response to fungus,0.559327355948
Ag00001aa029945_T001,Ag,NA,73,1.492109552652613,Up,Glucose-6-phosphate 1-dehydrogenase,GO:0006006,glucose metabolic process,0.70693343105
Ag00001aa071072_T001,Ag,OG0000289,74,1.491083453718256,Up,Alcohol dehydrogenase 1,NA,NA,NA
Ag00001aa102013_T002,Ag,NA,75,1.4880007708340683,Up,"Quinone-oxidoreductase homolog, chloroplastic",NA,NA,NA
Ag00001aa137998_T002,Ag,OG0017688,76,1.476122419880152,Up,L-ascorbate peroxidase,NA,NA,NA
Ag00001aa046278_T001,Ag,OG0018059,77,1.474565834538475,Up,Peroxidase,NA,NA,NA
Ag00001aa018455_T003,Ag,OG0015799,78,1.4719677876615156,Up,Beta-amylase,GO:0005982,starch metabolic process,0.353075250464
Ag00001aa005889_T001,Ag,NA,79,1.447314700253176,Up,ATP-dependent 6-phosphofructokinase 2,GO:0006002,fructose 6-phosphate metabolic process,0.748154026219
Ag00001aa047169_T001,Ag,OG0000034,80,1.415217824888839,Up,Heat shock protein 70,GO:0006457,protein folding,0.676287942701
Ag00001aa120445_T001,Ag,OG0000863,81,1.3851548968843437,Up,Xylanase inhibitor protein 1,GO:0050832,defense response to fungus,0.59006295311
Ag00001aa138044_T002,Ag,OG0000654,82,1.3707222751481671,Up,Dirigent protein (Fragment),NA,NA,NA
Ag00001aa127927_T001,Ag,OG0011610,83,1.3595211704275951,Up,NA,NA,NA,NA
Ag00001aa009888_T001,Ag,OG0021022,84,1.3561438102252754,Up,Heat shock 70 kDa protein 8,GO:0006457,protein folding,0.676287479919
Ag00001aa067474_T001,Ag,OG0001296,85,1.3362833878644322,Up,Thioredoxin domain-containing protein,GO:0009409,response to cold,0.498707760923
Ag00001aa138047_T001,Ag,OG0000654,86,1.3190398155625358,Up,Dirigent protein (Fragment),NA,NA,NA
Ag00001aa053088_T001,Ag,OG0022407,87,1.3103401206121503,Up,ATP-dependent 6-phosphofructokinase 2,GO:0006002,fructose 6-phosphate metabolic process,0.752079383116
Ag00001aa065968_T001,Ag,NA,88,1.3097582714246352,Up,tryptophan synthase,GO:0000162,tryptophan biosynthetic process,0.729087880106
Ag00001aa017895_T001,Ag,NA,89,1.3015876466031868,Up,"Thiamine thiazole synthase, chloroplastic",GO:0009409,response to cold,0.537982518607
Ag00001aa040607_T001,Ag,OG0038518,90,1.2868811477881617,Up,NA,NA,NA,NA
Ag00001aa126910_T003,Ag,OG0000710,91,1.2761988650322418,Up,"NADP-dependent oxidoreductase P1, putative, expressed",NA,NA,NA
Ag00001aa139153_T001,Ag,OG0009942,92,1.2636354035683293,Up,Protein TIME FOR COFFEE,NA,NA,NA
Ag00001aa033409_T001,Ag,OG0007794,93,1.2497487150835689,Up,Golgin subfamily A member 2-like,NA,NA,NA
Ag00001aa055266_T001,Ag,OG0003478,94,1.243669080966863,Up,Gibberellin receptor GID1L2,NA,NA,NA
Ag00001aa009579_T001,Ag,OG0001787,95,1.227741075839128,Up,Small heat shock protein HSP,GO:0006457,protein folding,0.612947948515
Ag00001aa055541_T001,Ag,OG0009783,96,1.2197106395487791,Up,GrpE protein homolog,GO:0006457,protein folding,0.67628459421
Ag00001aa101737_T001,Ag,OG0018907,97,1.2116352533271495,Up,EF-hand domain-containing protein,NA,NA,NA
Ag00001aa027119_T002,Ag,OG0012053,98,1.140778655782796,Up,Stem-specific protein TSJT1,NA,NA,NA
Ag00001aa032609_T004,Ag,NA,99,1.1329058120115063,Up,Delta-1-pyrroline-5-carboxylate synthase,NA,NA,NA
Ag00001aa018374_T001,Ag,OG0008324,100,1.1236661964538197,Up,Anthocyanidin reductase,NA,NA,NA
Ag00001aa118606_T001,Ag,OG0009569,101,1.1216785565882526,Up,Putative calcium-binding protein CML16,NA,NA,NA
Ag00001aa127536_T001,Ag,OG0024036,102,1.1076878693143732,Up,transketolase,NA,NA,NA
Ag00001aa015171_T001,Ag,OG0008582,103,1.0982847957234223,Up,NA,GO:0009631,cold acclimation,0.851335650393
Ag00001aa012639_T001,Ag,OG0005214,104,1.0690146779151806,Up,SUI1 domain-containing protein,NA,NA,NA
Ag00001aa004825_T001,Ag,OG0000654,105,1.0648828515848543,Up,Dirigent protein (Fragment),NA,NA,NA
Ag00001aa090087_T003,Ag,OG0015409,106,1.0621217119077977,Up,NAD(P)-binding Rossmann-fold superfamily protein,NA,NA,NA
Ag00001aa019017_T001,Ag,OG0021022,107,1.05797006863733,Up,Heat shock 70 kDa protein 8,GO:0006457,protein folding,0.676287466065
Ag00001aa054630_T002,Ag,NA,108,1.0565835283663676,Up,Anamorsin homolog,NA,NA,NA
Ag00001aa040662_T001,Ag,OG0000229,109,1.0384361816561078,Up,Glutamine synthetase,NA,NA,NA
Misin09G141100.1.v7.1,Mg,OG0022377,1,2.9847771772757756,Up,NADH-ubiquinone reductase complex 1 MLRQ subunit,NA,NA,NA
Misin01G469600.1.v7.1,Mg,OG0008582,2,2.611845794872104,Up,Embryonic protein DC-8,GO:0009414,response to water deprivation,0.825515376641
Misin12G126200.1.v7.1,Mg,OG0013447,3,2.380816624539516,Up,Malate synthase,NA,NA,NA
Misin17G174300.1.v7.1,Mg,OG0013697,4,2.2404548128082737,Up,NADP-dependent oxidoreductase domain-containing protein,NA,NA,NA
Misin17G041200.1.v7.1,Mg,OG0000837,5,2.1873280477037573,Up,NA,NA,NA,NA
MisinT394200.1.v7.1,Mg,OG0008494,6,2.0688298519542805,Up,UDP-glucose 4-epimerase,NA,NA,NA
Misin17G219700.1.v7.1,Mg,OG0022470,7,2.05031217075348,Up,NA,NA,NA,NA
Misin07G519500.1.v7.1,Mg,OG0005715,8,2.0452056317175273,Up,Eukaryotic translation initiation factor 3 subunit G,NA,NA,NA
Misin01G106600.1.v7.1,Mg,OG0021805,9,2.041464020649706,Up,Luminal-binding protein,GO:0006457,protein folding,0.676287622886
Misin01G486600.1.v7.1,Mg,OG0015799,10,2.022619601684521,Up,Beta-amylase,GO:0005982,starch metabolic process,0.353206124425
Misin12G096700.1.v7.1,Mg,OG0039078,11,1.999771562814678,Up,NADP-dependent oxidoreductase domain-containing protein,NA,NA,NA
Misin13G081600.1.v7.1,Mg,OG0016166,12,1.9931695068307325,Up,Late embryogenesis abundant protein D-34-like,NA,NA,NA
Misin18G151700.1.v7.1,Mg,OG0016973,13,1.9678726797234425,Up,Reticulon-like protein (Fragment),NA,NA,NA
Misin14G086000.1.v7.1,Mg,OG0002524,14,1.9174520289505512,Up,GRAM domain-containing protein,NA,NA,NA
Misin14G145400.1.v7.1,Mg,OG0014160,15,1.9030598804461365,Up,Ureidoglycolate hydrolase,NA,NA,NA
MisinT036500.1.v7.1,Mg,OG0017067,16,1.8749205243781744,Up,Tryptophan synthase,GO:0000162,tryptophan biosynthetic process,0.730944024272
Misin17G176700.1.v7.1,Mg,OG0013692,17,1.8578476160269464,Up,NA,NA,NA,NA
MisinT206400.1.v7.1,Mg,OG0021874,18,1.8553323895720413,Up,galactinol--sucrose galactosyltransferase,GO:0009414,response to water deprivation,0.597772982904
Misin02G173100.1.v7.1,Mg,OG0009444,19,1.825056923791063,Up,NA,GO:0009737,response to abscisic acid,0.806433236637
Misin02G374500.1.v7.1,Mg,OG0001139,20,1.8063062231374805,Up,Bet v I/Major latex protein domain-containing protein,NA,NA,NA
Misin16G248000.1.v7.1,Mg,OG0022194,21,1.7977212366360331,Up,Water stress and hypersensitive response domain-containing protein,NA,NA,NA
Misin08G045800.1.v7.1,Mg,OG0023272,22,1.7489703732088666,Up,SNF1-related protein kinase regulatory subunit gamma-like PV42a,NA,NA,NA
Misin18G197900.1.v7.1,Mg,OG0019355,23,1.7110967936803845,Up,tryptophan synthase,GO:0000162,tryptophan biosynthetic process,0.730944230079
Misin05G381000.1.v7.1,Mg,OG0005796,24,1.6770884249862987,Up,Peroxidase,NA,NA,NA
Misin03G046400.1.v7.1,Mg,OG0025362,25,1.6488561173197829,Up,tryptophan synthase,GO:0000162,tryptophan biosynthetic process,0.730942287221
Misin11G222200.1.v7.1,Mg,NA,26,1.5934960267674187,Up,(S)-2-hydroxy-acid oxidase,NA,NA,NA
Misin01G418600.1.v7.1,Mg,OG0023753,27,1.5835474000281122,Up,Senescence domain-containing protein,NA,NA,NA
Misin01G050700.1.v7.1,Mg,OG0042291,28,1.542149417182183,Up,"Stem-specific protein TSJT1, putative, expressed",NA,NA,NA
Misin18G170000.1.v7.1,Mg,OG0005873,29,1.5157964293322683,Up,Glutathione S-transferase,GO:0006749,glutathione metabolic process,0.730641033042
Misin17G173700.1.v7.1,Mg,OG0022454,30,1.489484751059735,Up,Aminotransferase class-III,NA,NA,NA
Misin10G188700.1.v7.1,Mg,OG0023602,31,1.480668473108693,Up,14-3-3 domain-containing protein,NA,NA,NA
Misin02G359400.1.v7.1,Mg,OG0000596,32,1.470758777381406,Up,Hydroxyproline-rich glycoprotein family protein,NA,NA,NA
Misin05G400200.1.v7.1,Mg,OG0015482,33,1.42449782852791,Up,DUF255 domain-containing protein,NA,NA,NA
Misin02G401700.1.v7.1,Mg,OG0006466,34,1.402622431170499,Up,anthranilate synthase,GO:0000162,tryptophan biosynthetic process,0.730943387388
Misin17G257700.1.v7.1,Mg,OG0020508,35,1.395967536280257,Up,AAA+ ATPase domain-containing protein,NA,NA,NA
Misin05G021700.1.v7.1,Mg,OG0009505,36,1.394232884139548,Up,4-methyl-5-thiazole monophosphate biosynthesis protein,NA,NA,NA
Misin05G140500.1.v7.1,Mg,OG0014118,37,1.3366977609223287,Up,"Outer envelope pore protein 16-2, chloroplastic",NA,NA,NA
Misin05G173500.1.v7.1,Mg,OG0000891,38,1.323165928546216,Up,"Thiamine thiazole synthase, chloroplastic",GO:0009409,response to cold,0.529251435233
Misin03G281400.1.v7.1,Mg,OG0014773,39,1.306513042500675,Up,Glucose-6-phosphate/phosphate translocator 2,NA,NA,NA
Misin11G171000.1.v7.1,Mg,OG0013568,40,1.3029032692056064,Up,Calcium-transporting ATPase,GO:0009414,response to water deprivation,0.454737113174
Misin08G281600.1.v7.1,Mg,OG0012590,41,1.258996839160906,Up,Peptidase M48 domain-containing protein,NA,NA,NA
Misin07G346000.1.v7.1,Mg,OG0009746,42,1.2112000064662436,Up,Pectinesterase inhibitor domain-containing protein,NA,NA,NA
Misin19G055000.1.v7.1,Mg,OG0002559,43,1.2030374886916455,Up,Pre-mRNA-processing-splicing factor 8A,NA,NA,NA
Misin09G173300.1.v7.1,Mg,OG0023602,44,1.1965686458784943,Up,NA,NA,NA,NA
Misin12G270100.1.v7.1,Mg,OG0035352,45,1.1947673980108289,Up,DJ-1 homolog D,NA,NA,NA
Misin01G502300.1.v7.1,Mg,OG0018330,46,1.152859731372018,Up,Blue fluorescent1,GO:0000162,tryptophan biosynthetic process,0.730867267788
Misin01G018500.1.v7.1,Mg,OG0018028,47,1.1465203971073687,Up,Galactokinase,NA,NA,NA
Misin07G367300.1.v7.1,Mg,OG0009761,48,1.138774247590945,Up,glutathione transferase,GO:0006749,glutathione metabolic process,0.701402353243
Misin18G109800.1.v7.1,Mg,OG0024817,49,1.1326264600193368,Up,Pyruvate dehydrogenase E1 component subunit alpha,NA,NA,NA
Misin12G201000.1.v7.1,Mg,OG0020723,50,1.1145843684749526,Up,(S)-2-hydroxy-acid oxidase,NA,NA,NA
Misin01G316300.1.v7.1,Mg,OG0020952,51,1.1017109389139847,Up,Clp R domain-containing protein,GO:0034605,cellular response to heat,0.748767964181
Misin18G152900.1.v7.1,Mg,OG0014192,52,1.095974341105857,Up,"Alpha-glucan water dikinase, chloroplastic",GO:0009631,cold acclimation,0.571480240811
Misin01G380100.1.v7.1,Mg,OG0022880,53,1.0789694658182278,Up,"Enoyl-CoA hydratase/isomerase family protein, expressed",NA,NA,NA
Misin09G018200.1.v7.1,Mg,OG0001078,54,1.0512417162819718,Up,2-isopropylmalate synthase,NA,NA,NA
Misin19G206700.1.v7.1,Mg,OG0014297,55,1.0412357552241047,Up,Sucrose-phosphate synthase,NA,NA,NA
Misin07G513900.1.v7.1,Mg,OG0007520,56,1.031260748203037,Up,Class II heat shock protein,GO:0006457,protein folding,0.675722528005
Misin16G013800.1.v7.1,Mg,OG0008918,57,1.0145261139778892,Up,Cupin type-1 domain-containing protein,NA,NA,NA
Misin06G106700.1.v7.1,Mg,OG0008882,58,1.0076189277684828,Up,Cysteine proteinase inhibitor,NA,NA,NA
PvWBCH1.9NG479100.4.v1.1,Pv,NA,1,3.85169907708625,Up,Embryonic protein DC-8,GO:0009414,response to water deprivation,0.825069273452
PvWBCH1.3NG170900.1.v1.1,Pv,OG0022470,2,3.6288902190278183,Up,Late embryogenesis abundant protein 3,GO:0009631,cold acclimation,0.416411886776
PvWBCH1.9KG072500.1.v1.1,Pv,OG0004932,3,3.5320675522890306,Up,Isoflavone 2'-hydroxylase,NA,NA,NA
PvWBCH1.3KG225700.1.v1.1,Pv,OG0013692,4,3.288949104584587,Up,PEBP (Phosphatidylethanolamine-binding protein) family protein,NA,NA,NA
PvWBCH1.1KG182300.1.v1.1,Pv,OG0002545,5,3.1333991254171982,Up,Dehydrin,GO:0009631,cold acclimation,0.822119748466
PvWBCH1.6NG112900.1.v1.1,Pv,OG0016166,6,3.127633279725874,Up,SMP domain-containing protein,NA,NA,NA
PvWBCH1.3KG178100.1.v1.1,Pv,OG0022470,7,2.9980149292696834,Up,Late embryogenesis abundant protein 3,NA,NA,NA
PvWBCH1.8KG137800.1.v1.1,Pv,OG0022377,8,2.957543200757105,Up,NA,NA,NA,NA
PvWBCH1.5KG009700.1.v1.1,Pv,OG0012263,9,2.945982185997463,Up,Water stress and hypersensitive response domain-containing protein,NA,NA,NA
PvWBCH1.9NG029700.1.v1.1,Pv,OG0012032,10,2.8669079781431663,Up,Actin-depolymerizing factor 3,NA,NA,NA
PvWBCH1.3KG337600.1.v1.1,Pv,OG0002524,11,2.828834649468056,Up,GRAM domain-containing protein,NA,NA,NA
PvWBCH1.9KG056000.1.v1.1,Pv,OG0000642,12,2.745667602052679,Up,Glutathione S-transferase,GO:0006749,glutathione metabolic process,0.729341048888
PvWBCH1.5NG360500.1.v1.1,Pv,OG0013321,13,2.7400640588468588,Up,Nematode resistance protein-like HSPRO2,NA,NA,NA
PvWBCH1.1NG299100.1.v1.1,Pv,OG0010901,14,2.6827979987016484,Up,NA,NA,NA,NA
PvWBCH1.8KG089500.1.v1.1,Pv,OG0000863,15,2.593592805864596,Up,Xylanase inhibitor protein 1,GO:0050832,defense response to fungus,0.539690505926
PvWBCH1.9KG185700.1.v1.1,Pv,OG0009444,16,2.580627910457265,Up,Low-temperature-induced 65 kDa protein,GO:0009737,response to abscisic acid,0.807315074072
PvWBCH1.9KG029500.1.v1.1,Pv,OG0012032,17,2.5651096965318345,Up,Actin-depolymerizing factor 3,NA,NA,NA
PvWBCH1.9NG181900.1.v1.1,Pv,OG0009444,18,2.5563067842249767,Up,Low-temperature-induced 65 kDa protein,GO:0009737,response to abscisic acid,0.807352048588
PvWBCH1.3NG315700.1.v1.1,Pv,OG0002524,19,2.5195419045784364,Up,GRAM domain-containing protein,NA,NA,NA
PvWBCH1.9KG512900.1.v1.1,Pv,OG0001959,20,2.4985061891886793,Up,chitinase,GO:0000272,polysaccharide catabolic process,0.662932913638
PvWBCH1.9NG055800.1.v1.1,Pv,OG0000642,21,2.412239566263399,Up,Glutathione S-transferase,GO:0006749,glutathione metabolic process,0.730161741119
PvWBCH1.9KG488800.1.v1.1,Pv,OG0008582,22,2.3239464554216678,Up,Embryonic protein DC-8,NA,NA,NA
PvWBCH1.2NG099200.1.v1.1,Pv,OG0029632,23,2.3109217352303437,Up,12-oxophytodienoate reductase 1,NA,NA,NA
PvWBCH1.3KG087700.1.v1.1,Pv,OG0008648,24,2.2770920825043133,Up,UMP-CMP kinase,NA,NA,NA
PvWBCH1.7KG090500.2.v1.1,Pv,NA,25,2.2175409398625243,Up,"1,4-alpha-glucan branching enzyme",GO:0005982,starch metabolic process,0.821329675098
PvWBCH1.5NG350300.1.v1.1,Pv,OG0000034,26,2.142740172116082,Up,Heat shock protein 70,GO:0006457,protein folding,0.676287941444
PvWBCH1.4NG037300.1.v1.1,Pv,OG0002559,27,2.105342840286222,Up,MPN domain-containing protein,NA,NA,NA
PvWBCH1.7KG234800.1.v1.1,Pv,OG0020442,28,2.101650076094435,Up,Embryonic protein DC-8,NA,NA,NA
PvWBCH1.5KG266500.1.v1.1,Pv,OG0007798,29,2.089498150839103,Up,Glutathione S-transferase,GO:0006749,glutathione metabolic process,0.730611740609
PvWBCH1.9KG381100.1.v1.1,Pv,OG0021543,30,2.083383587710083,Up,"phosphoglycerate mutase (2,3-diphosphoglycerate-independent)",GO:0006096,glycolytic process,0.703668904063
PvWBCH1.1NG251700.1.v1.1,Pv,OG0009809,31,2.0717626693000915,Up,Dehydrin,GO:0009631,cold acclimation,0.822329467399
PvWBCH1.1NG326900.1.v1.1,Pv,OG0007520,32,2.058316495590823,Up,Class III heat shock protein,GO:0006457,protein folding,0.651008706802
PvWBCH1.3KG223000.1.v1.1,Pv,OG0013697,33,2.0125686735030555,Up,NADP-dependent oxidoreductase domain-containing protein,NA,NA,NA
PvWBCH1.9KG395300.1.v1.1,Pv,OG0025089,34,1.9862288802273995,Up,"Outer envelope pore protein 16-2, chloroplastic",NA,NA,NA
PvWBCH1.4KG166000.1.v1.1,Pv,OG0026991,35,1.9726926540042649,Up,FAD-binding PCMH-type domain-containing protein,NA,NA,NA
PvWBCH1.5KG363600.1.v1.1,Pv,OG0000034,36,1.9645834627768648,Up,Heat shock protein 70,GO:0006457,protein folding,0.67628798985
PvWBCH1.9KG495500.1.v1.1,Pv,OG0010777,37,1.9601409803107688,Up,SMP domain-containing protein,NA,NA,NA
PvWBCH1.4KG012300.1.v1.1,Pv,OG0005018,38,1.9593992347721212,Up,"Multiple organellar RNA editing factor 2, chloroplastic",GO:0006397,mRNA processing,0.591938317553
PvWBCH1.1KG077700.1.v1.1,Pv,OG0015134,39,1.946356571633634,Up,"Heat shock protein, mitochondrial",GO:0009408,response to heat,0.72598800882
PvWBCH1.2NG036100.1.v1.1,Pv,OG0001162,40,1.926758531986465,Up,NA,NA,NA,NA
PvWBCH1.9KG134700.1.v1.1,Pv,OG0025315,41,1.903809558578697,Up,VOC domain-containing protein,NA,NA,NA
PvWBCH1.3KG190900.1.v1.1,Pv,OG0018783,42,1.8964656161894256,Up,Heat shock protein 101,GO:0034605,cellular response to heat,0.675115888952
PvWBCH1.5NG129100.1.v1.1,Pv,OG0014118,43,1.882838655767251,Up,"Outer envelope pore protein 16-2, chloroplastic",NA,NA,NA
PvWBCH1.7KG134800.1.v1.1,Pv,OG0022407,44,1.873813198359087,Up,ATP-dependent 6-phosphofructokinase 2,GO:0006002,fructose 6-phosphate metabolic process,0.750929556865
PvWBCH1.5NG010300.1.v1.1,Pv,OG0009496,45,1.8698714061777129,Up,AAA+ ATPase domain-containing protein,NA,NA,NA
PvWBCH1.4KG275100.1.v1.1,Pv,OG0003555,46,1.8615584195720287,Up,"1,4-alpha-glucan branching enzyme",GO:0005982,starch metabolic process,0.806807521272
PvWBCH1.5KG299900.1.v1.1,Pv,OG0010191,47,1.839959587489532,Up,Malic enzyme,GO:0006090,pyruvate metabolic process,0.665830302144
PvWBCH1.4NG206200.1.v1.1,Pv,OG0001891,48,1.8265993302731016,Up,Phosphoglycerate kinase,GO:0006096,glycolytic process,0.705608039397
PvWBCH1.9NG503500.1.v1.1,Pv,OG0001959,49,1.8221182747293443,Up,chitinase,GO:0000272,polysaccharide catabolic process,0.697243274479
PvWBCH1.5KG283000.1.v1.1,Pv,OG0020387,50,1.7957669477823923,Up,Prenylcysteine oxidase / farnesylcysteine lyase,NA,NA,NA
PvWBCH1.6KG130100.1.v1.1,Pv,OG0016166,51,1.7782085763980875,Up,SMP domain-containing protein,NA,NA,NA
PvWBCH1.9KG103900.1.v1.1,Pv,OG0012283,52,1.7752612923477509,Up,C2 domain-containing protein,NA,NA,NA
PvWBCH1.4KG022800.1.v1.1,Pv,OG0014076,53,1.7672310370238755,Up,Glycine cleavage T-protein family,NA,NA,NA
PvWBCH1.9KG375900.1.v1.1,Pv,OG0020982,54,1.748890542645915,Up,Sucrose synthase,GO:0005982,starch metabolic process,0.53559258229
PvWBCH1.9KG452300.1.v1.1,Pv,OG0022555,55,1.7389839547005117,Up,Hexose transporter,NA,NA,NA
PvWBCH1.9KG321100.1.v1.1,Pv,OG0008463,56,1.7017708223790449,Up,glutathione transferase,GO:0006749,glutathione metabolic process,0.730642943405
PvWBCH1.3KG054000.1.v1.1,Pv,OG0021580,57,1.700883556028269,Up,Glutathione transferase,GO:0006749,glutathione metabolic process,0.681283223468
PvWBCH1.4KG245900.1.v1.1,Pv,NA,58,1.674008608617225,Up,Protein HEAT-STRESS-ASSOCIATED 32,GO:0010608,post-transcriptional regulation of gene ...,0.668704413856
PvWBCH1.8KG100900.1.v1.1,Pv,OG0000289,59,1.6694803718774265,Up,Alcohol dehydrogenase 1,NA,NA,NA
PvWBCH1.9NG341200.1.v1.1,Pv,OG0008483,60,1.6163576969966904,Up,NA,NA,NA,NA
PvWBCH1.6KG070600.1.v1.1,Pv,OG0002679,61,1.5964581395589856,Up,lactoylglutathione lyase,GO:0001101,response to acid chemical,0.350856576404
PvWBCH1.9NG133300.1.v1.1,Pv,OG0025315,62,1.5892841066712498,Up,VOC domain-containing protein,NA,NA,NA
PvWBCH1.5KG009200.1.v1.1,Pv,OG0009496,63,1.5878450092542775,Up,AAA+ ATPase domain-containing protein,NA,NA,NA
PvWBCH1.9NG497900.1.v1.1,Pv,OG0015799,64,1.5840003832857728,Up,Beta-amylase,GO:0005982,starch metabolic process,0.372766146364
PvWBCH1.6NG120700.1.v1.1,Pv,OG0010227,65,1.5811101752255496,Up,UspA domain-containing protein,NA,NA,NA
PvWBCH1.3NG049700.1.v1.1,Pv,OG0021580,66,1.5685185977925435,Up,Glutathione transferase,GO:0006749,glutathione metabolic process,0.687293274825
PvWBCH1.3KG150300.3.v1.1,Pv,NA,67,1.565597175854225,Up,Glucose-1-phosphate adenylyltransferase,GO:0019252,starch biosynthetic process,0.830589326011
PvWBCH1.5KG371100.1.v1.1,Pv,OG0010057,68,1.5602258223996497,Up,"Alpha-glucan phosphorylase, H isozyme",NA,NA,NA
PvWBCH1.9KG074200.1.v1.1,Pv,OG0020553,69,1.5577776713949258,Up,"Alpha-1,4 glucan phosphorylase",NA,NA,NA
PvWBCH1.8KG070500.1.v1.1,Pv,NA,70,1.5523770710948686,Up,Probable mediator of RNA polymerase II transcription subunit 37c,GO:0006457,protein folding,0.676216131776
PvWBCH1.3KG026500.1.v1.1,Pv,OG0015161,71,1.5518851034717247,Up,WIBG Mago-binding domain-containing protein,NA,NA,NA
PvWBCH1.6NG228400.1.v1.1,Pv,OG0018363,72,1.5205479681065774,Up,monodehydroascorbate reductase (NADH),NA,NA,NA
PvWBCH1.7KG230700.1.v1.1,Pv,OG0010336,73,1.4931349223055048,Up,"Multiple organellar RNA editing factor 2, chloroplastic",GO:0006397,mRNA processing,0.450590116317
PvWBCH1.9KG020900.1.v1.1,Pv,OG0024301,74,1.4905701304462011,Up,AB hydrolase-1 domain-containing protein,NA,NA,NA
PvWBCH1.3KG148200.1.v1.1,Pv,OG0022194,75,1.4724877714627436,Up,Water stress and hypersensitive response domain-containing protein,NA,NA,NA
PvWBCH1.9NG285000.1.v1.1,Pv,OG0018850,76,1.467801156488407,Up,Serine/threonine-protein kinase SAPK3,NA,NA,NA
PvWBCH1.3NG130600.1.v1.1,Pv,OG0024802,77,1.438825113175625,Up,Nucleoside diphosphate kinase,NA,NA,NA
PvWBCH1.6KG070500.2.v1.1,Pv,NA,78,1.4382928515791469,Up,lactoylglutathione lyase,GO:0001101,response to acid chemical,0.351855191041
PvWBCH1.7KG055700.1.v1.1,Pv,OG0000200,79,1.4340276746635974,Up,Probable aldo-keto reductase 2,NA,NA,NA
PvWBCH1.1KG063300.1.v1.1,Pv,OG0000224,80,1.4318903482861804,Up,H(+)-exporting diphosphatase,NA,NA,NA
PvWBCH1.4NG138000.1.v1.1,Pv,OG0022089,81,1.4265331381166733,Up,DJ-1/PfpI domain-containing protein,NA,NA,NA
PvWBCH1.8NG151200.1.v1.1,Pv,OG0006567,82,1.4141355329844512,Up,RNA polymerase II transcription elongation factor DSIF/SUPT5H/SPT5,GO:0005982,starch metabolic process,0.823913810702
PvWBCH1.9KG437600.1.v1.1,Pv,OG0023753,83,1.4125105712498047,Up,Senescence domain-containing protein,NA,NA,NA
PvWBCH1.6KG019300.1.v1.1,Pv,OG0008874,84,1.4097982278284196,Up,L-gulonolactone oxidase,NA,NA,NA
PvWBCH1.5KG046700.1.v1.1,Pv,OG0021874,85,1.4043581948333117,Up,galactinol--sucrose galactosyltransferase,GO:0009414,response to water deprivation,0.593133749592
PvWBCH1.1KG060800.1.v1.1,Pv,OG0007321,86,1.4021764249794826,Up,"Chaperone protein ClpB3, mitochondrial",GO:0034605,cellular response to heat,0.744665487095
PvWBCH1.6KG147500.1.v1.1,Pv,OG0032047,87,1.4016304665847406,Up,L-gulonolactone oxidase,NA,NA,NA
PvWBCH1.3NG101500.1.v1.1,Pv,OG0000332,88,1.3939652756602423,Up,glutathione transferase,GO:0042542,response to hydrogen peroxide,0.34856202436
PvWBCH1.7KG117800.1.v1.1,Pv,OG0000523,89,1.3923174227787602,Up,NADP-dependent oxidoreductase domain-containing protein,NA,NA,NA
PvWBCH1.9NG286200.1.v1.1,Pv,OG0016457,90,1.3923174227787602,Up,peptide-methionine (S)-S-oxide reductase,GO:0009651,response to salt stress,0.543612486598
PvWBCH1.9NG442300.1.v1.1,Pv,OG0021022,91,1.3679301414318827,Up,Heat shock 70 kDa protein 8,GO:0006457,protein folding,0.67628748466
PvWBCH1.7KG056200.1.v1.1,Pv,OG0001450,92,1.3668117731271272,Up,NADP-dependent oxidoreductase domain-containing protein,NA,NA,NA
PvWBCH1.5KG232200.1.v1.1,Pv,OG0000566,93,1.3656925371975326,Up,Cytochrome P450 family 72 subfamily A polypeptide 8,NA,NA,NA
PvWBCH1.1KG197100.2.v1.1,Pv,NA,94,1.3516283291027824,Up,glutathione transferase,GO:0006749,glutathione metabolic process,0.699634110953
PvWBCH1.7KG104200.1.v1.1,Pv,OG0018545,95,1.34255474547732,Up,L-ascorbate peroxidase,NA,NA,NA
PvWBCH1.4KG085600.1.v1.1,Pv,OG0024817,96,1.3362833878644322,Up,Pyruvate dehydrogenase E1 component subunit alpha,NA,NA,NA
PvWBCH1.9NG186500.1.v1.1,Pv,OG0045335,97,1.3132458517875614,Up,AB hydrolase-1 domain-containing protein,NA,NA,NA
PvWBCH1.4KG161300.1.v1.1,Pv,OG0022089,98,1.3097582714246352,Up,DJ-1/PfpI domain-containing protein,NA,NA,NA
PvWBCH1.1KG339700.1.v1.1,Pv,NA,99,1.2992446577960728,Up,17.4 kDa class III heat shock protein-like,GO:0006457,protein folding,0.636399332357
PvWBCH1.5NG174900.1.v1.1,Pv,OG0002237,100,1.2974849157105748,Up,RNA helicase,GO:0006397,mRNA processing,0.342226374245
PvWBCH1.5KG249400.1.v1.1,Pv,OG0005961,101,1.2898344651775089,Up,Iron-sulfur cluster assembly protein,NA,NA,NA
PvWBCH1.9KG321200.1.v1.1,Pv,OG0008463,102,1.2851062510612534,Up,glutathione transferase,GO:0006749,glutathione metabolic process,0.730642393781
PvWBCH1.2NG368100.4.v1.1,Pv,NA,103,1.2851062510612534,Up,Eukaryotic translation initiation factor 6,NA,NA,NA
PvWBCH1.3KG126400.1.v1.1,Pv,OG0017216,104,1.282736320276342,Up,Early fruit mRNA,NA,NA,NA
PvWBCH1.3KG241300.6.v1.1,Pv,NA,105,1.2815498933666418,Up,Actin,NA,NA,NA
PvWBCH1.7NG293600.1.v1.1,Pv,OG0010616,106,1.2600256559614555,Up,4-coumarate--CoA ligase,GO:0050832,defense response to fungus,0.516424822731
PvWBCH1.7NG243500.1.v1.1,Pv,OG0006047,107,1.259423152281415,Up,"Gamma-aminobutyrate transaminase 1, mitochondrial",NA,NA,NA
PvWBCH1.3KG355300.1.v1.1,Pv,OG0026987,108,1.2588203968764118,Up,9beta-hydroxy-syn-pimar-15-ene synthase,NA,NA,NA
PvWBCH1.7KG293000.1.v1.1,Pv,OG0013374,109,1.252778951528184,Up,K(+) efflux antiporter 2 chloroplastic,NA,NA,NA
PvWBCH1.5KG315300.1.v1.1,Pv,OG0000620,110,1.2332745389909343,Up,Formamidase,NA,NA,NA
PvWBCH1.4KG111200.1.v1.1,Pv,OG0008608,111,1.231432408447965,Up,"Formate dehydrogenase, mitochondrial",NA,NA,NA
PvWBCH1.4KG151300.2.v1.1,Pv,NA,112,1.2240402742179302,Up,Reticulon-like protein (Fragment),NA,NA,NA
PvWBCH1.6KG004600.1.v1.1,Pv,OG0005315,113,1.2234225499349372,Up,SLH domain-containing protein,NA,NA,NA
PvWBCH1.4NG073500.1.v1.1,Pv,OG0024817,114,1.2209490044667792,Up,Pyruvate dehydrogenase E1 component subunit alpha,NA,NA,NA
PvWBCH1.2KG240500.1.v1.1,Pv,OG0009116,115,1.2209490044667792,Up,Isoamylase-type starch debranching enzyme3,NA,NA,NA
PvWBCH1.4KG219500.1.v1.1,Pv,OG0000224,116,1.2184712107432616,Up,H(+)-exporting diphosphatase,NA,NA,NA
PvWBCH1.5NG286600.1.v1.1,Pv,OG0010191,117,1.2178510968111314,Up,Malic enzyme,GO:0006090,pyruvate metabolic process,0.663689954634
PvWBCH1.4NG094400.1.v1.1,Pv,OG0008608,118,1.2085172598055438,Up,"Formate dehydrogenase, mitochondrial",NA,NA,NA
PvWBCH1.4KG117700.1.v1.1,Pv,OG0011230,119,1.207892851641333,Up,Selenoprotein O,GO:0009414,response to water deprivation,0.568718119847
PvWBCH1.9KG021600.1.v1.1,Pv,OG0018028,120,1.207892851641333,Up,Galactokinase,NA,NA,NA
PvWBCH1.3NG084400.1.v1.1,Pv,OG0000835,121,1.1991226420136007,Up,Serine/arginine-rich splicing factor RS2Z32,GO:0006397,mRNA processing,0.428786795382
PvWBCH1.6NG124400.1.v1.1,Pv,OG0017871,122,1.1953475983222193,Up,NA,NA,NA,NA
PvWBCH1.9KG499400.1.v1.1,Pv,OG0000286,123,1.1940870521163025,Up,Cell division cycle protein 48 homolog,NA,NA,NA
PvWBCH1.3KG334800.1.v1.1,Pv,OG0000670,124,1.18840092460321,Up,ABC transporter domain-containing protein,NA,NA,NA
PvWBCH1.8KG091300.1.v1.1,Pv,OG0016204,125,1.1871342914745355,Up,"Light-induced protein, chloroplastic",NA,NA,NA
PvWBCH1.3KG138400.1.v1.1,Pv,OG0024802,126,1.176960992089442,Up,Nucleoside diphosphate kinase,NA,NA,NA
PvWBCH1.9KG319800.1.v1.1,Pv,OG0045376,127,1.175045486110914,Up,glutathione transferase,GO:0006749,glutathione metabolic process,0.730641966943
PvWBCH1.8NG128600.1.v1.1,Pv,OG0003792,128,1.1705660567920686,Up,"Succinate dehydrogenase assembly factor 2, mitochondrial",NA,NA,NA
PvWBCH1.1NG098700.1.v1.1,Pv,OG0025413,129,1.1641426488483064,Up,Sodium/calcium exchanger family protein / calcium-binding EF hand family protein,NA,NA,NA
PvWBCH1.1KG200800.1.v1.1,Pv,OG0003478,130,1.1596291858212278,Up,Gibberellin receptor GID1L2,NA,NA,NA
PvWBCH1.9KG328200.1.v1.1,Pv,OG0026957,131,1.1551015581257025,Up,"Pyruvate, phosphate dikinase",GO:0006090,pyruvate metabolic process,0.692519729681
PvWBCH1.3NG181100.1.v1.1,Pv,OG0002505,132,1.1551015581257025,Up,ATP-dependent 6-phosphofructokinase,GO:0006002,fructose 6-phosphate metabolic process,0.76001737375
PvWBCH1.9NG371600.1.v1.1,Pv,OG0021543,133,1.14860877020522,Up,"phosphoglycerate mutase (2,3-diphosphoglycerate-independent)",GO:0006096,glycolytic process,0.703679184112
PvWBCH1.7NG099500.1.v1.1,Pv,OG0023572,134,1.142740172116082,Up,"1,4-alpha-glucan branching enzyme",GO:0005982,starch metabolic process,0.821549990366
PvWBCH1.2KG138800.1.v1.1,Pv,OG0017379,135,1.1414327909292956,Up,monodehydroascorbate reductase (NADH),NA,NA,NA
PvWBCH1.6KG252500.1.v1.1,Pv,OG0001963,136,1.139469495038796,Up,"Malate dehydrogenase [NADP], chloroplastic",NA,NA,NA
PvWBCH1.2KG347500.1.v1.1,Pv,OG0013076,137,1.138814468902282,Up,"Bifunctional monothiol glutaredoxin-S16, chloroplastic",NA,NA,NA
PvWBCH1.1KG050400.2.v1.1,Pv,NA,138,1.1309308698264486,Up,hydroxymethylbilane synthase,NA,NA,NA
PvWBCH1.2KG159700.5.v1.1,Pv,NA,139,1.1249897699786635,Up,4-coumarate--CoA ligase,NA,NA,NA
PvWBCH1.4KG144600.1.v1.1,Pv,OG0014192,140,1.1210154009613658,Up,"Alpha-glucan water dikinase, chloroplastic",GO:0009631,cold acclimation,0.53495531017
PvWBCH1.9KG341600.1.v1.1,Pv,OG0002760,141,1.111031312388744,Up,S-norcoclaurine synthase 1,NA,NA,NA
PvWBCH1.2NG099400.2.v1.1,Pv,NA,142,1.106348319505147,Up,"Starch synthase, chloroplastic/amyloplastic",GO:0019252,starch biosynthetic process,0.830589605274
PvWBCH1.5NG357200.1.v1.1,Pv,OG0010057,143,1.1003049057956855,Up,"Alpha-glucan phosphorylase, H isozyme",NA,NA,NA
PvWBCH1.7KG291000.1.v1.1,Pv,OG0018478,144,1.0996318500144604,Up,Stem-specific protein TSJT1,NA,NA,NA
PvWBCH1.4KG237100.3.v1.1,Pv,NA,145,1.0982847957234223,Up,Phosphoglycerate kinase,GO:0006096,glycolytic process,0.705608046968
PvWBCH1.9KG379800.1.v1.1,Pv,OG0013853,146,1.0976107966264224,Up,ABC transporter domain-containing protein,NA,NA,NA
PvWBCH1.6KG114300.1.v1.1,Pv,OG0000898,147,1.092207438097089,Up,C2H2-type domain-containing protein,NA,NA,NA
PvWBCH1.1NG143900.1.v1.1,Pv,OG0013655,148,1.087462841250339,Up,Cysteine protease1,NA,NA,NA
PvWBCH1.9KG533800.1.v1.1,Pv,OG0013540,149,1.081339627451939,Up,"Protein tyrosine phosphatase, putative, expressed",GO:0000272,polysaccharide catabolic process,0.514179986998
PvWBCH1.5KG263500.1.v1.1,Pv,OG0044901,150,1.0758748669751277,Up,chitinase,GO:0006032,chitin catabolic process,0.39764219158
PvWBCH1.4KG001600.1.v1.1,Pv,OG0020546,151,1.073134704630215,Up,"homogentisate 1,2-dioxygenase",NA,NA,NA
PvWBCH1.3KG211600.1.v1.1,Pv,OG0018765,152,1.0683268614345056,Up,"glutamate-1-semialdehyde 2,1-aminomutase",NA,NA,NA
PvWBCH1.5NG112200.1.v1.1,Pv,OG0008882,153,1.0676387168753634,Up,Cysteine proteinase inhibitor,NA,NA,NA
PvWBCH1.9NG341500.1.v1.1,Pv,OG0016503,154,1.0648828515848543,Up,Co-chaperone protein p23,GO:0006457,protein folding,0.667353413218
PvWBCH1.4NG080700.1.v1.1,Pv,OG0011009,155,1.061430600497748,Up,Starch synthase catalytic domain-containing protein,GO:0019252,starch biosynthetic process,0.830589482177
PvWBCH1.9NG518000.1.v1.1,Pv,OG0010399,156,1.05866283937856,Up,T-complex protein 1 subunit delta,GO:0006457,protein folding,0.676287536119
PvWBCH1.4KG010300.2.v1.1,Pv,NA,157,1.0572769650732476,Up,"RuBisCO large subunit-binding protein subunit beta, chloroplastic",NA,NA,NA
PvWBCH1.7NG050900.1.v1.1,Pv,OG0024036,158,1.0551956542421246,Up,transketolase,NA,NA,NA
PvWBCH1.5KG333000.1.v1.1,Pv,OG0008092,159,1.0551956542421246,Up,protein-disulfide reductase,NA,NA,NA
PvWBCH1.9NG449100.1.v1.1,Pv,OG0019003,160,1.0510240030244669,Up,Nodulin-related protein 1,GO:0009408,response to heat,0.726058559188
PvWBCH1.8NG114700.1.v1.1,Pv,OG0003002,161,1.0510240030244669,Up,NA,NA,NA,NA
PvWBCH1.2KG291400.1.v1.1,Pv,OG0011920,162,1.0461417816447207,Up,UspA domain-containing protein,NA,NA,NA
PvWBCH1.3KG338700.1.v1.1,Pv,OG0018312,163,1.041943829970167,Up,Aminopeptidase,NA,NA,NA
PvWBCH1.7NG127400.1.v1.1,Pv,OG0000523,164,1.0264459803038009,Up,NADP-dependent oxidoreductase domain-containing protein,NA,NA,NA
PvWBCH1.8KG094400.1.v1.1,Pv,OG0016860,165,1.0250287944915224,Up,NA,NA,NA,NA
PvWBCH1.9NG279200.1.v1.1,Pv,OG0018835,166,1.016496319896196,Up,60S ribosomal export protein NMD3,NA,NA,NA
PvWBCH1.5KG033000.1.v1.1,Pv,OG0009529,167,1.016496319896196,Up,Fe2OG dioxygenase domain-containing protein,NA,NA,NA
PvWBCH1.4KG210900.1.v1.1,Pv,OG0021310,168,1.01435529297707,Up,Glutaredoxin-dependent peroxiredoxin,NA,NA,NA
PvWBCH1.3NG389900.1.v1.1,Pv,OG0026755,169,1.01435529297707,Up,CP-type G domain-containing protein,NA,NA,NA
PvWBCH1.9NG214900.1.v1.1,Pv,OG0013356,170,1.0136409106693862,Up,H(+)/Pi cotransporter,NA,NA,NA
PvWBCH1.2NG216600.1.v1.1,Pv,OG0009116,171,1.0114956388378291,Up,Isoamylase-type starch debranching enzyme3,NA,NA,NA
PvWBCH1.3NG401800.1.v1.1,Pv,OG0000744,172,1.0036022366801955,Up,AB hydrolase-1 domain-containing protein,NA,NA,NA
PvWBCH1.1NG355800.1.v1.1,Pv,OG0017995,173,1.0028825085331214,Up,DUF6817 domain-containing protein (Fragment),NA,NA,NA
PvWBCH1.2KG168900.3.v1.1,Pv,NA,174,1.000721167243654,Up,Ferrochelatase,NA,NA,NA
Sn00001aa067886_T001,Sn,NA,1,3.0652276227756188,Up,Barwin domain-containing protein,GO:0050832,defense response to fungus,0.799238170991
Sn00001aa051893_T001,Sn,OG0006941,2,3.032100843167024,Up,Zeamatin,GO:0050832,defense response to fungus,0.798769843647
Sn00001aa056018_T001,Sn,OG0022470,3,2.8155754288625725,Up,ABA-inducible protein PHV A1,NA,NA,NA
Sn00001aa050399_T001,Sn,OG0001959,4,2.785550551739256,Up,chitinase,GO:0000272,polysaccharide catabolic process,0.666599558752
Sn00001aa069853_T001,Sn,NA,5,2.650994269338053,Up,NA,NA,NA,NA
Sn00001aa062552_T001,Sn,OG0001959,6,2.5258183220340236,Up,chitinase,GO:0000272,polysaccharide catabolic process,0.660151933909
Sn00001aa004579_T001,Sn,OG0009444,7,2.498761465671852,Up,NA,GO:0009737,response to abscisic acid,0.807294229562
Sn00001aa010391_T001,Sn,NA,8,2.47534433714261,Up,UDP-glucose 4-epimerase GEPI48,NA,NA,NA
Sn00001aa092671_T001,Sn,OG0013697,9,2.4081683707081063,Up,Aldehyde reductase,NA,NA,NA
Sn00001aa030610_T001,Sn,OG0022407,10,2.323370069061269,Up,ATP-dependent 6-phosphofructokinase 2,GO:0006002,fructose 6-phosphate metabolic process,0.752367032691
Sn00001aa010629_T001,Sn,OG0008528,11,2.3115031154682697,Up,Safener induced1,NA,NA,NA
Sn00001aa014488_T001,Sn,OG0025089,12,2.2451913930643084,Up,"Outer envelope pore protein 16-2, chloroplastic",NA,NA,NA
Sn00001aa060716_T002,Sn,OG0017067,13,2.2332745389909343,Up,Tryptophan synthase,GO:0000162,tryptophan biosynthetic process,0.73094403291
Sn00001aa002111_T004,Sn,OG0016454,14,2.2252749298695695,Up,"39 kDa EF-Hand containing protein, putative, expressed",NA,NA,NA
Sn00001aa005515_T001,Sn,OG0000642,15,2.215678596607928,Up,Glutathione S-transferase,GO:0006749,glutathione metabolic process,0.72943904925
Sn00001aa050948_T001,Sn,OG0002524,16,2.2094533656289497,Up,GRAM domain-containing protein,NA,NA,NA
Sn00001aa099345_T002,Sn,OG0023941,17,2.2035144111307585,Up,Protein HEAT-STRESS-ASSOCIATED 32,GO:0010608,post-transcriptional regulation of gene ...,0.658081463734
Sn00001aa011441_T001,Sn,OG0018330,18,2.200378797984026,Up,Blue fluorescent1,GO:0000162,tryptophan biosynthetic process,0.730867596498
Sn00001aa035637_T001,Sn,OG0024384,19,2.1414327909292954,Up,Golgi apparatus membrane protein TVP15,NA,NA,NA
Sn00001aa088201_T001,Sn,OG0013568,20,2.1358631653686793,Up,Calcium-transporting ATPase,GO:0009414,response to water deprivation,0.445658827442
Sn00001aa000144_T001,Sn,OG0018330,21,2.126312130328704,Up,Blue fluorescent1,GO:0000162,tryptophan biosynthetic process,0.730867710321
Sn00001aa010461_T001,Sn,OG0021543,22,2.037733627446515,Up,"phosphoglycerate mutase (2,3-diphosphoglycerate-independent)",GO:0006096,glycolytic process,0.705608069721
Sn00001aa040888_T001,Sn,OG0009496,23,1.973794929652606,Up,AAA+ ATPase domain-containing protein,NA,NA,NA
Sn00001aa014825_T001,Sn,OG0021022,24,1.8773516264492625,Up,Heat shock 70 kDa protein 8,GO:0006457,protein folding,0.676287481001
Sn00001aa103117_T001,Sn,OG0013692,25,1.8619553641448696,Up,NA,NA,NA,NA
Sn00001aa080797_T001,Sn,OG0016973,26,1.8507994231254832,Up,Reticulon-like protein (Fragment),GO:0000162,tryptophan biosynthetic process,0.380681747245
Sn00001aa001175_T001,Sn,OG0021543,27,1.8143453349632197,Up,"phosphoglycerate mutase (2,3-diphosphoglycerate-independent)",GO:0006096,glycolytic process,0.703685512569
Sn00001aa006179_T001,Sn,OG0015482,28,1.77568270173906,Up,DUF255 domain-containing protein,NA,NA,NA
Sn00001aa082341_T001,Sn,OG0024036,29,1.751892138404309,Up,transketolase,NA,NA,NA
Sn00001aa086694_T001,Sn,OG0010361,30,1.6544355408453997,Up,Glucose-1-phosphate adenylyltransferase,GO:0019252,starch biosynthetic process,0.825565761558
Sn00001aa041377_T001,Sn,OG0000288,31,1.652142272136664,Up,Class I heat shock protein 1,GO:0006457,protein folding,0.590369258006
Sn00001aa023333_T004,Sn,OG0000289,32,1.6290068334271774,Up,Alcohol dehydrogenase 1,NA,NA,NA
Sn00001aa072988_T001,Sn,NA,33,1.5959809789656203,Up,Pyruvate dehydrogenase E1 component subunit alpha,NA,NA,NA
Sn00001aa073864_T002,Sn,NA,34,1.5940707568515382,Up,DJ-1/PfpI domain-containing protein,NA,NA,NA
Sn00001aa045518_T001,Sn,OG0005483,35,1.5680321047712789,Up,Class II heat shock protein,GO:0006457,protein folding,0.454322375376
Sn00001aa008298_T001,Sn,OG0005710,36,1.5621813564718672,Up,UspA domain-containing protein,NA,NA,NA
Sn00001aa007255_T001,Sn,OG0007798,37,1.5400272692575072,Up,Glutathione S-transferase,GO:0006749,glutathione metabolic process,0.730638987866
Sn00001aa021863_T001,Sn,OG0008882,38,1.5315686088149625,Up,Cysteine proteinase inhibitor,NA,NA,NA
Sn00001aa006768_T001,Sn,OG0012924,39,1.467801156488407,Up,Cysteine proteinase inhibitor,NA,NA,NA
Sn00001aa023974_T001,Sn,OG0024297,40,1.45575462218619,Up,Dipeptidylpeptidase IV N-terminal domain-containing protein,NA,NA,NA
Sn00001aa053988_T001,Sn,OG0019331,41,1.43349363984688,Up,TATA-binding protein interacting (TIP20) domain-containing protein,NA,NA,NA
Sn00001aa100959_T001,Sn,OG0022195,42,1.4021764249794826,Up,Glucose-1-phosphate adenylyltransferase,GO:0019252,starch biosynthetic process,0.830589307648
Sn00001aa001519_T001,Sn,OG0020952,43,1.3555801473773594,Up,Clp R domain-containing protein,GO:0034605,cellular response to heat,0.748594585708
Sn00001aa092320_T001,Sn,OG0000823,44,1.3538878362849074,Up,Glutathione S-transferase,GO:0006749,glutathione metabolic process,0.729899648905
Sn00001aa065278_T001,Sn,NA,45,1.3533232911628967,Up,"Fructose-1,6-bisphosphatase, cytosolic",GO:0009737,response to abscisic acid,0.357856419506
Sn00001aa089776_T001,Sn,NA,46,1.3253864146597734,Up,tryptophan synthase,GO:0000162,tryptophan biosynthetic process,0.730940596234
Sn00001aa008159_T001,Sn,NA,47,1.2998307618223703,Up,CobW C-terminal domain-containing protein,NA,NA,NA
Sn00001aa031675_T002,Sn,OG0003720,48,1.2738142445870366,Up,Dienelactone hydrolase domain-containing protein,NA,NA,NA
Sn00001aa007068_T001,Sn,OG0010191,49,1.2732174731034955,Up,Malic enzyme,GO:0006090,pyruvate metabolic process,0.659334018957
Sn00001aa012896_T001,Sn,OG0017439,50,1.254594043033141,Up,Peroxidase,NA,NA,NA
Sn00001aa014328_T001,Sn,OG0020982,51,1.252778951528184,Up,Sucrose synthase,GO:0005982,starch metabolic process,0.535943020122
Sn00001aa046971_T001,Sn,OG0016350,52,1.229587922740652,Up,Pi starvation-induced protein,NA,NA,NA
Sn00001aa050368_T002,Sn,OG0021387,53,1.1763227726404628,Up,Hcy-binding domain-containing protein,NA,NA,NA
Sn00001aa050960_T001,Sn,OG0000670,54,1.1692836611157298,Up,ABC transporter domain-containing protein,NA,NA,NA
Sn00001aa069832_T001,Sn,OG0007321,55,1.1654296204241852,Up,"Chaperone protein ClpB4, mitochondrial",GO:0034605,cellular response to heat,0.74774820813
Sn00001aa029587_T002,Sn,OG0023544,56,1.160920188181103,Up,DJ-1 homolog D,NA,NA,NA
Sn00001aa090816_T002,Sn,OG0015584,57,1.144699025154139,Up,ATP/GTP-binding protein family,NA,NA,NA
Sn00001aa043654_T003,Sn,OG0001000,58,1.1056780778945372,Up,cinnamyl-alcohol dehydrogenase,NA,NA,NA
Sn00001aa009411_T002,Sn,NA,59,1.1056780778945372,Up,Pathogen induced protein 2-4,NA,NA,NA
Sn00001aa096746_T001,Sn,OG0001078,60,1.065572311593622,Up,2-isopropylmalate synthase,NA,NA,NA
Sn00001aa010450_T001,Sn,OG0018947,61,1.0384361816561078,Up,hydroxyacylglutathione hydrolase,NA,NA,NA
Sn00001aa030309_T001,Sn,OG0013561,62,1.0349199843491597,Up,Adenosine kinase,NA,NA,NA
Sn00001aa057774_T002,Sn,NA,63,1.0264459803038009,Up,Ferritin,NA,NA,NA
Sn00001aa073394_T001,Sn,OG0007031,64,1.0250287944915224,Up,TOG domain-containing protein,NA,NA,NA
Sn00001aa053959_T001,Sn,OG0005569,65,1.018634174139051,Up,Succinate-semialdehyde dehydrogenase,GO:0009408,response to heat,0.485186154663
Sn00001aa074601_T001,Sn,OG0008608,66,1.0079130816432649,Up,"Formate dehydrogenase, mitochondrial",NA,NA,NA
Td00001aa022594_T002,Trip19,OG0022470,1,5.00162211964968,Up,"Late embryogenesis abundant protein, group 3",GO:0009631,cold acclimation,0.553760941814
Td00001aa029496_T001,Trip19,OG0016115,2,4.34027740476625,Up,22.0 kDa class IV heat shock protein-like,GO:0006457,protein folding,0.676121533527
Td00001aa040338_T001,Trip19,OG0051958,3,3.81424277977989,Up,Abscisic stress ripening,NA,NA,NA
Td00001aa013159_T001,Trip19,OG0006288,4,3.69231559916945,Up,TLC domain-containing protein,NA,NA,NA
Td00001aa022969_T001,Trip19,OG0013697,5,3.6585542606509,Up,Aldose reductase,NA,NA,NA
Td00001aa027412_T001,Trip19,OG0024318,6,3.43175666019445,Up,Dehydrin,NA,NA,NA
Td00001aa005038_T001,Trip19,OG0009930,7,3.29851169276436,Up,Seed biotin-containing protein SBP65,GO:0009631,cold acclimation,0.851698991499
Td00001aa023916_T001,Trip19,OG0014428,8,3.22265002245148,Up,Polygalacturonase inhibitor,NA,NA,NA
Td00001aa014362_T001,Trip19,OG0016578,9,3.10802256251641,Up,"Heat shock protein, chloroplastic",GO:0009408,response to heat,0.726056829141
Td00001aa004040_T001,Trip19,OG0009809,10,3.06626144226872,Up,Dehydrin,GO:0009631,cold acclimation,0.822388613811
Td00001aa026590_T004,Trip19,OG0016454,11,2.94990839795332,Up,"39 kDa EF-Hand containing protein, putative, expressed",NA,NA,NA
Td00001aa024450_T001,Trip19,OG0000642,12,2.94598218599746,Up,Glutathione S-transferase,GO:0006749,glutathione metabolic process,0.727045528404
Td00001aa025492_T002,Trip19,OG0012185,13,2.91838623444635,Up,Methionine gamma-lyase,NA,NA,NA
Td00001aa032866_T001,Trip19,OG0014118,14,2.89005751138785,Up,"Outer envelope pore protein 16-2, chloroplastic",NA,NA,NA
Td00001aa026762_T001,Trip19,OG0000568,15,2.7454524831317,Up,Ent-cassadiene C2-hydroxylase,NA,NA,NA
Td00001aa017178_T002,Trip19,NA,16,2.72399534471519,Up,Dehydrin,GO:0009631,cold acclimation,0.796125693911
Td00001aa004295_T001,Trip19,OG0012515,17,2.62854031926276,Up,Temperature-induced lipocalin,NA,NA,NA
Td00001aa014939_T002,Trip19,OG0008494,18,2.62480276525295,Up,UDP-glucose 4-epimerase,NA,NA,NA
Td00001aa033192_T001,Trip19,OG0000288,19,2.5528688710113,Up,16.9 kDa class I heat shock protein 1,GO:0006457,protein folding,0.515547298848
Td00001aa000735_T001,Trip19,OG0002718,20,2.44810804371056,Up,X8 domain-containing protein,NA,NA,NA
Td00001aa019065_T001,Trip19,OG0005483,21,2.32567423412026,Up,Small heat shock protein HSP17.8,GO:0006457,protein folding,0.460607057486
Td00001aa022732_T002,Trip19,OG0025011,22,2.29425313644451,Up,Globin domain-containing protein,NA,NA,NA
Td00001aa024451_T001,Trip19,OG0000642,23,2.27142567609293,Up,Glutathione S-transferase,GO:0006749,glutathione metabolic process,0.730641439784
Td00001aa020613_T001,Trip19,OG0017265,24,2.2606279081267,Up,Transmembrane protein,NA,NA,NA
Td00001aa031042_T001,Trip19,OG0013692,25,2.24549566281992,Up,PEBP (Phosphatidylethanolamine-binding protein) family protein,NA,NA,NA
Td00001aa021652_T001,Trip19,OG0022704,26,2.15962918582123,Up,Aconitate hydratase,GO:0006081,cellular aldehyde metabolic process,0.34364167485
Td00001aa033337_T001,Trip19,OG0003421,27,2.13027195451886,Up,KOW domain-containing protein,NA,NA,NA
Td00001aa010483_T002,Trip19,NA,28,2.09085343045111,Up,Malic enzyme,GO:0006090,pyruvate metabolic process,0.668957691944
Td00001aa033308_T001,Trip19,OG0000288,29,2.0799753767206,Up,Class I heat shock protein 1,GO:0006457,protein folding,0.570034493288
Td00001aa024207_T001,Trip19,OG0012032,30,2.0621217119078,Up,Actin-depolymerizing factor 3,NA,NA,NA
Td00001aa027099_T003,Trip19,NA,31,2.01899017538475,Up,Fe2OG dioxygenase domain-containing protein,NA,NA,NA
Td00001aa025429_T004,Trip19,OG0013350,32,2.00108161572545,Up,Protein DETOXIFICATION,NA,NA,NA
Td00001aa008985_T001,Trip19,OG0005483,33,1.97452931248388,Up,Small heat shock protein HSP17.8,GO:0006457,protein folding,0.448289240379
Td00001aa019363_T002,Trip19,OG0008548,34,1.89878879711155,Up,phosphoenolpyruvate carboxykinase (ATP),NA,NA,NA
Td00001aa003480_T001,Trip19,OG0005710,35,1.89103026784092,Up,UspA domain-containing protein,GO:0009409,response to cold,0.416512122679
Td00001aa019280_T001,Trip19,OG0000034,36,1.86591881455221,Up,Heat shock protein 70,GO:0006457,protein folding,0.676287956874
Td00001aa037279_T002,Trip19,OG0008674,37,1.82007682109751,Up,"Starch synthase, chloroplastic/amyloplastic",GO:0019252,starch biosynthetic process,0.830589551045
Td00001aa001511_T001,Trip19,OG0014697,38,1.79659775404831,Up,glutathione transferase,GO:0006749,glutathione metabolic process,0.730642628749
Td00001aa033621_T001,Trip19,OG0005483,39,1.79327165449808,Up,Small heat shock protein HSP17.8,GO:0006457,protein folding,0.482973427133
Td00001aa039232_T002,Trip19,OG0002524,40,1.78826808286684,Up,GRAM domain-containing protein,NA,NA,NA
Td00001aa003277_T001,Trip19,OG0005728,41,1.7578766597479,Up,Phloem-specific lectin,NA,NA,NA
Td00001aa040575_T001,Trip19,OG0001162,42,1.73984810269933,Up,NA,NA,NA,NA
Td00001aa027713_T001,Trip19,OG0014866,43,1.70884937710518,Up,"Acetyltransferase, GNAT family protein, expressed",NA,NA,NA
Td00001aa007022_T003,Trip19,OG0000566,44,1.67807190511264,Up,Cytochrome P450 family 72 subfamily A polypeptide 8,NA,NA,NA
Td00001aa002372_T002,Trip19,OG0026582,45,1.67400860861723,Up,"Starch synthase, chloroplastic/amyloplastic",GO:0019252,starch biosynthetic process,0.830589597415
Td00001aa038053_T001,Trip19,OG0037479,46,1.65260121759652,Up,"Starch synthase, chloroplastic/amyloplastic",GO:0019252,starch biosynthetic process,0.830586830397
Td00001aa020162_T001,Trip19,OG0015977,47,1.63273352595054,Up,W2 domain-containing protein,NA,NA,NA
Td00001aa041578_T002,Trip19,OG0000110,48,1.61306010689612,Up,Heat shock protein 83,GO:0006457,protein folding,0.676287690487
Td00001aa012013_T001,Trip19,OG0008132,49,1.60169651648096,Up,adenylate kinase,NA,NA,NA
Td00001aa014170_T002,Trip19,OG0011183,50,1.59836520532364,Up,inositol-3-phosphate synthase,NA,NA,NA
Td00001aa008864_T001,Trip19,OG0009496,51,1.59645813955899,Up,"Lon protease homolog, mitochondrial isoform X2",NA,NA,NA
Td00001aa025149_T001,Trip19,OG0005402,52,1.59454854955035,Up,Dehydrin,NA,NA,NA
Td00001aa004274_T001,Trip19,OG0016334,53,1.56413424345824,Up,Glutaredoxin,NA,NA,NA
Td00001aa012926_T001,Trip19,OG0016115,54,1.55040819321728,Up,Class IV heat shock protein,GO:0006457,protein folding,0.676054090441
Td00001aa001268_T005,Trip19,OG0013614,55,1.54002726925751,Up,Beta-glucosidase 31,NA,NA,NA
Td00001aa009381_T001,Trip19,OG0014135,56,1.52205574916096,Up,Nodulin-related protein 1,GO:0009408,response to heat,0.726002915579
Td00001aa010670_T002,Trip19,OG0008092,57,1.51601514700366,Up,protein-disulfide reductase,NA,NA,NA
Td00001aa004700_T002,Trip19,OG0015224,58,1.5119739817818,Up,ATPase inhibitor,NA,NA,NA
Td00001aa002603_T003,Trip19,OG0011742,59,1.48800077083407,Up,Chloroplast mRNA-binding protein CSP41 (Fragment),NA,NA,NA
Td00001aa000236_T001,Trip19,OG0002763,60,1.47248777146274,Up,"RNA-binding protein CP29B, chloroplastic-like",GO:0009409,response to cold,0.383767491086
Td00001aa028747_T003,Trip19,OG0002219,61,1.47092725747513,Up,Ubiquitin fusion degradation protein 1,NA,NA,NA
Td00001aa002847_T001,Trip19,OG0001162,62,1.4594316186373,Up,Cylicin-1,NA,NA,NA
Td00001aa007867_T002,Trip19,OG0020359,63,1.45470232816369,Up,Methanethiol oxidase,NA,NA,NA
Td00001aa029231_T001,Trip19,OG0013447,64,1.44413695658759,Up,Malate synthase,NA,NA,NA
Td00001aa035379_T002,Trip19,OG0004961,65,1.43722773891291,Up,Fe2OG dioxygenase domain-containing protein,NA,NA,NA
Td00001aa029261_T001,Trip19,OG0004773,66,1.41899946543127,Up,Protein-L-isoaspartate O-methyltransferase 1 isoform X1,NA,NA,NA
Td00001aa013725_T006,Trip19,OG0015799,67,1.41683974191283,Up,Beta-amylase,GO:0005982,starch metabolic process,0.375113436449
Td00001aa028828_T001,Trip19,OG0016318,68,1.36120689023873,Up,Glycosyltransferase,NA,NA,NA
Td00001aa030923_T003,Trip19,OG0000971,69,1.35670725293538,Up,"Fructose-1,6-bisphosphatase, cytosolic",GO:0009737,response to abscisic acid,0.357271096543
Td00001aa007217_T002,Trip19,OG0010227,70,1.35049724708413,Up,UspA domain-containing protein,NA,NA,NA
Td00001aa021055_T002,Trip19,OG0011850,71,1.34084707705041,Up,"20 kDa chaperonin, chloroplastic",GO:0009409,response to cold,0.405145694471
Td00001aa022963_T002,Trip19,NA,72,1.33799646351502,Up,Aminotransferase class-III,NA,NA,NA
Td00001aa024379_T002,Trip19,OG0012053,73,1.32941067121857,Up,Stem-specific protein TSJT1,NA,NA,NA
Td00001aa014848_T001,Trip19,NA,74,1.32077347694587,Up,Translation initiation factor IF2/IF5 domain-containing protein,NA,NA,NA
Td00001aa029906_T001,Trip19,OG0017690,75,1.31266517355839,Up,Farnesylated protein 1,NA,NA,NA
Td00001aa033405_T001,Trip19,OG0019996,76,1.29689785770008,Up,UspA domain-containing protein,NA,NA,NA
Td00001aa016203_T001,Trip19,OG0020037,77,1.29513524900082,Up,Ubiquitin fusion degradation protein,NA,NA,NA
Td00001aa003331_T001,Trip19,OG0020214,78,1.28569812595813,Up,CobW C-terminal domain-containing protein,NA,NA,NA
Td00001aa014480_T001,Trip19,OG0001787,79,1.28569812595813,Up,SHSP domain-containing protein,GO:0006457,protein folding,0.573657282372
Td00001aa011954_T001,Trip19,OG0018478,80,1.26423615104355,Up,Stem-specific protein TSJT1,NA,NA,NA
Td00001aa003659_T005,Trip19,OG0012593,81,1.26002565596146,Up,Katanin p60 ATPase-containing subunit A1 isoform X1,NA,NA,NA
Td00001aa019508_T001,Trip19,OG0021022,82,1.2424500736777,Up,Heat shock 70 kDa protein 8,GO:0006457,protein folding,0.676287492806
Td00001aa031963_T001,Trip19,OG0006090,83,1.23878685958712,Up,NA,NA,NA,NA
Td00001aa024674_T003,Trip19,OG0012082,84,1.23817541857738,Up,YTH domain-containing family protein,NA,NA,NA
Td00001aa014878_T002,Trip19,OG0020982,85,1.23266075679027,Up,Sucrose synthase,GO:0005982,starch metabolic process,0.535632107805
Td00001aa031767_T001,Trip19,OG0015849,86,1.22712493444993,Up,STI1/HOP DP domain-containing protein,GO:0006457,protein folding,0.37035555706
Td00001aa005196_T004,Trip19,OG0014288,87,1.21661006874244,Up,RNA helicase,NA,NA,NA
Td00001aa026000_T001,Trip19,OG0000316,88,1.20539251298968,Up,alanine transaminase,NA,NA,NA
Td00001aa007062_T001,Trip19,OG0000517,89,1.20476675065461,Up,Glycosyltransferase,NA,NA,NA
Td00001aa029258_T001,Trip19,OG0022344,90,1.1991226420136,Up,peptide-methionine (S)-S-oxide reductase,GO:0009651,response to salt stress,0.380585718578
Td00001aa005500_T001,Trip19,OG0017768,91,1.19597745864259,Up,Glycine cleavage system H protein,NA,NA,NA
Td00001aa003563_T002,Trip19,OG0020832,92,1.1833277060448,Up,RRM domain-containing protein,NA,NA,NA
Td00001aa036222_T002,Trip19,OG0020497,93,1.17312743348066,Up,Enoyl reductase (ER) domain-containing protein,NA,NA,NA
Td00001aa014690_T001,Trip19,OG0001139,94,1.16735792773851,Up,Bet v I/Major latex protein domain-containing protein,NA,NA,NA
Td00001aa019475_T001,Trip19,OG0013925,95,1.1609201881811,Up,Anaerobic nitrite reductase GLB1,GO:0009737,response to abscisic acid,0.466126510186
Td00001aa014817_T001,Trip19,OG0000596,96,1.15380533607904,Up,Hydroxyproline-rich glycoprotein family protein,NA,NA,NA
Td00001aa022834_T001,Trip19,OG0018769,97,1.14730669878029,Up,UspA domain-containing protein,NA,NA,NA
Td00001aa027502_T001,Trip19,OG0012087,98,1.14208662961753,Up,sulfate adenylyltransferase,NA,NA,NA
Td00001aa037912_T002,Trip19,OG0002676,99,1.13881446890228,Up,Powdery mildew resistance protein PM3 variant,NA,NA,NA
Td00001aa005913_T001,Trip19,OG0000670,100,1.12697285625777,Up,ABC transporter domain-containing protein,NA,NA,NA
Td00001aa003426_T001,Trip19,OG0007520,101,1.11835972595306,Up,18 class III heat shock protein,GO:0006457,protein folding,0.675731046116
Td00001aa027912_T001,Trip19,OG0024297,102,1.0962618530584,Up,Dipeptidylpeptidase IV N-terminal domain-containing protein,NA,NA,NA
Td00001aa029363_T001,Trip19,OG0008210,103,1.0962618530584,Up,anthranilate synthase,GO:0000162,tryptophan biosynthetic process,0.730941551725
Td00001aa011129_T003,Trip19,OG0004468,104,1.08610437124329,Up,RRM domain-containing protein,GO:0009651,response to salt stress,0.446390367982
Td00001aa031791_T002,Trip19,OG0010453,105,1.08610437124329,Up,UBX domain-containing protein,NA,NA,NA
Td00001aa010744_T002,Trip19,OG0015629,106,1.08338358771008,Up,"phosphoglycerate mutase (2,3-diphosphoglycerate-independent)",GO:0006096,glycolytic process,0.703654750738
Td00001aa027028_T002,Trip19,OG0014966,107,1.07519031415522,Up,Protein DETOXIFICATION,NA,NA,NA
Td00001aa012305_T002,Trip19,OG0013568,108,1.0621217119078,Up,Calcium-transporting ATPase,GO:0009414,response to water deprivation,0.445683665118
Td00001aa030489_T001,Trip19,OG0022918,109,1.05935527761642,Up,"NifU-like protein 4, mitochondrial",NA,NA,NA
Td00001aa001541_T001,Trip19,OG0000929,110,1.04544297076117,Up,"Tuliposide A-converting enzyme 2, chloroplastic",NA,NA,NA
Td00001aa008628_T002,Trip19,OG0020378,111,1.04194382997017,Up,Mal d 1-associated protein,NA,NA,NA
Td00001aa022640_T001,Trip19,OG0018783,112,1.04054179386285,Up,Heat shock protein 101,GO:0034605,cellular response to heat,0.691181693058
Td00001aa041092_T001,Trip19,OG0016860,113,1.03913839390696,Up,NA,NA,NA,NA
Td00001aa013792_T002,Trip19,OG0000286,114,1.03562390973072,Up,Cell division cycle protein 48 homolog,NA,NA,NA
Td00001aa033829_T001,Trip19,OG0009496,115,1.03491998434916,Up,AAA+ ATPase domain-containing protein,NA,NA,NA
Td00001aa016799_T001,Trip19,OG0003478,116,1.03139519627553,Up,Gibberellin receptor GID1L2,NA,NA,NA
Td00001aa033160_T001,Trip19,OG0002600,117,1.02431967919541,Up,Phenylcoumaran benzylic ether reductase-like protein I (Fragment),NA,NA,NA
Td00001aa018155_T002,Trip19,OG0015577,118,1.01863417413905,Up,heme oxygenase (biliverdin-producing),NA,NA,NA
Td00001aa012628_T001,Trip19,OG0028054,119,1.01792190799726,Up,Aromatic amino acid beta-eliminating lyase/threonine aldolase domain-containing protein,NA,NA,NA
Td00001aa000911_T001,Trip19,OG0011382,120,1.01077983875324,Up,C2 domain-containing protein,NA,NA,NA
Td00001aa034013_T001,Trip19,OG0015977,121,1.01077983875324,Up,W2 domain-containing protein,NA,NA,NA
Td00001aa027113_T002,Trip19,OG0014954,122,1.00791308164326,Up,"FLK, putative, expressed",NA,NA,NA
Td00001aa003911_T001,Trip19,OG0004385,123,1.00575926928868,Up,ADP-ribosylation factor,NA,NA,NA
Td00001aa022594_T002,Trip22,OG0022470,1,5.15286983726258,Up,"Late embryogenesis abundant protein, group 3",GO:0009631,cold acclimation,0.553760941814
Td00001aa040338_T001,Trip22,OG0051958,2,4.46209581983767,Up,Abscisic stress ripening,NA,NA,NA
Td00001aa042603_T001,Trip22,OG0020846,3,4.01716732894824,Up,NA,NA,NA,NA
Td00001aa014362_T001,Trip22,OG0016578,4,3.75210187624437,Up,"Heat shock protein, chloroplastic",GO:0009408,response to heat,0.726056829141
Td00001aa029496_T001,Trip22,OG0016115,5,3.62932009661684,Up,22.0 kDa class IV heat shock protein-like,GO:0006457,protein folding,0.676121533527
Td00001aa033307_T001,Trip22,OG0000288,6,3.62361199877895,Up,Class I heat shock protein 1,GO:0006457,protein folding,0.59011268829
Td00001aa039438_T001,Trip22,OG0015161,7,3.56106245486314,Up,WIBG Mago-binding domain-containing protein,NA,NA,NA
Td00001aa012719_T001,Trip22,OG0010710,8,3.49115946660423,Up,chitinase,GO:0000272,polysaccharide catabolic process,0.705267956634
Td00001aa026590_T004,Trip22,OG0016454,9,3.31048923636263,Up,"39 kDa EF-Hand containing protein, putative, expressed",NA,NA,NA
Td00001aa033192_T001,Trip22,OG0000288,10,3.10600439833267,Up,16.9 kDa class I heat shock protein 1,GO:0006457,protein folding,0.515547298848
Td00001aa022969_T001,Trip22,OG0013697,11,3.00185831055543,Up,Aldose reductase,NA,NA,NA
Td00001aa019280_T001,Trip22,OG0000034,12,2.84663795876977,Up,Heat shock protein 70,GO:0006457,protein folding,0.676287956874
Td00001aa032866_T001,Trip22,OG0014118,13,2.83079195291855,Up,"Outer envelope pore protein 16-2, chloroplastic",NA,NA,NA
Td00001aa004040_T001,Trip22,OG0009809,14,2.82923915273416,Up,Dehydrin,GO:0009631,cold acclimation,0.822388613811
Td00001aa004295_T001,Trip22,OG0012515,15,2.81770281159142,Up,Temperature-induced lipocalin,NA,NA,NA
Td00001aa029174_T001,Trip22,OG0010710,16,2.66542749919589,Up,chitinase,GO:0000272,polysaccharide catabolic process,0.705267979074
Td00001aa040575_T001,Trip22,OG0001162,17,2.6468049312422,Up,NA,NA,NA,NA
Td00001aa024379_T002,Trip22,OG0012053,18,2.57830625764065,Up,Stem-specific protein TSJT1,NA,NA,NA
Td00001aa002232_T001,Trip22,OG0014638,19,2.56882364389705,Up,NA,NA,NA,NA
Td00001aa021652_T001,Trip22,OG0022704,20,2.49441149662558,Up,Aconitate hydratase,GO:0006081,cellular aldehyde metabolic process,0.34364167485
Td00001aa033308_T001,Trip22,OG0000288,21,2.47147107764907,Up,Class I heat shock protein 1,GO:0006457,protein folding,0.570034493288
Td00001aa038053_T001,Trip22,OG0037479,22,2.31393466521083,Up,"Starch synthase, chloroplastic/amyloplastic",GO:0019252,starch biosynthetic process,0.830586830397
Td00001aa029231_T001,Trip22,OG0013447,23,2.30336577348362,Up,Malate synthase,NA,NA,NA
Td00001aa033760_T001,Trip22,OG0009509,24,2.26760181332722,Up,Heme-binding protein 2,NA,NA,NA
Td00001aa008985_T001,Trip22,OG0005483,25,2.23839749777842,Up,Small heat shock protein HSP17.8,GO:0006457,protein folding,0.448289240379
Td00001aa019363_T002,Trip22,OG0008548,26,2.21222440575296,Up,phosphoenolpyruvate carboxykinase (ATP),NA,NA,NA
Td00001aa039232_T002,Trip22,OG0002524,27,2.19856578703108,Up,GRAM domain-containing protein,NA,NA,NA
Td00001aa027028_T002,Trip22,OG0014966,28,2.18723137671358,Up,Protein DETOXIFICATION,NA,NA,NA
Td00001aa007217_T002,Trip22,OG0010227,29,2.15470966559879,Up,UspA domain-containing protein,NA,NA,NA
Td00001aa019065_T001,Trip22,OG0005483,30,2.12670543560304,Up,Small heat shock protein HSP17.8,GO:0006457,protein folding,0.460607057486
Td00001aa002847_T001,Trip22,OG0001162,31,2.12593693016137,Up,Cylicin-1,NA,NA,NA
Td00001aa003480_T001,Trip22,OG0005710,32,2.11911379050249,Up,UspA domain-containing protein,GO:0009409,response to cold,0.416512122679
Td00001aa002603_T003,Trip22,OG0011742,33,2.08634453136465,Up,Chloroplast mRNA-binding protein CSP41 (Fragment),NA,NA,NA
Td00001aa035379_T002,Trip22,OG0004961,34,1.9720120328064,Up,Fe2OG dioxygenase domain-containing protein,NA,NA,NA
Td00001aa014878_T002,Trip22,OG0020982,35,1.96480823701547,Up,Sucrose synthase,GO:0005982,starch metabolic process,0.535632107805
Td00001aa037279_T002,Trip22,OG0008674,36,1.94483175247498,Up,"Starch synthase, chloroplastic/amyloplastic",GO:0019252,starch biosynthetic process,0.830589551045
Td00001aa001268_T005,Trip22,OG0013614,37,1.93542222127546,Up,Beta-glucosidase 31,NA,NA,NA
Td00001aa027912_T001,Trip22,OG0024297,38,1.91560856990097,Up,Dipeptidylpeptidase IV N-terminal domain-containing protein,NA,NA,NA
Td00001aa010483_T001,Trip22,OG0010191,39,1.88407057170545,Up,Malic enzyme,GO:0006090,pyruvate metabolic process,0.670554495723
Td00001aa001511_T001,Trip22,OG0014697,40,1.82096946220412,Up,glutathione transferase,GO:0006749,glutathione metabolic process,0.730642628749
Td00001aa007570_T001,Trip22,OG0005796,41,1.78930961136018,Up,Peroxidase,NA,NA,NA
Td00001aa002372_T002,Trip22,OG0026582,42,1.7666852950229,Up,"Starch synthase, chloroplastic/amyloplastic",GO:0019252,starch biosynthetic process,0.830589597415
Td00001aa020796_T002,Trip22,OG0010361,43,1.76667903044458,Up,Glucose-1-phosphate adenylyltransferase,GO:0019252,starch biosynthetic process,0.828069401288
Td00001aa041145_T001,Trip22,OG0021221,44,1.75967378190207,Up,Small GTP binding protein Rab5,NA,NA,NA
Td00001aa013828_T001,Trip22,OG0010777,45,1.69482436171345,Up,SMP domain-containing protein,NA,NA,NA
Td00001aa039340_T001,Trip22,OG0025082,46,1.69467916332653,Up,Abscisic stress ripening,NA,NA,NA
Td00001aa019508_T001,Trip22,OG0021022,47,1.65962626439646,Up,Heat shock 70 kDa protein 8,GO:0006457,protein folding,0.676287492806
Td00001aa011371_T001,Trip22,OG0003919,48,1.65283576932598,Up,Acyl transferase 5,NA,NA,NA
Td00001aa007022_T003,Trip22,OG0000566,49,1.63106772296827,Up,Cytochrome P450 family 72 subfamily A polypeptide 8,NA,NA,NA
Td00001aa019248_T001,Trip22,OG0003817,50,1.60195121908597,Up,GST N-terminal domain-containing protein,NA,NA,NA
Td00001aa008864_T001,Trip22,OG0009496,51,1.58039153580841,Up,"Lon protease homolog, mitochondrial isoform X2",NA,NA,NA
Td00001aa004721_T002,Trip22,OG0021955,52,1.57744686311704,Up,"1,4-alpha-glucan branching enzyme",GO:0005982,starch metabolic process,0.812789340241
Td00001aa022640_T001,Trip22,OG0018783,53,1.56926249141752,Up,Heat shock protein 101,GO:0034605,cellular response to heat,0.691181693058
Td00001aa030923_T003,Trip22,OG0000971,54,1.54400511174947,Up,"Fructose-1,6-bisphosphatase, cytosolic",GO:0009737,response to abscisic acid,0.357271096543
Td00001aa036507_T001,Trip22,OG0013157,55,1.51923282990318,Up,SHSP domain-containing protein,GO:0009408,response to heat,0.7261067208
Td00001aa016799_T001,Trip22,OG0003478,56,1.50051244707572,Up,Gibberellin receptor GID1L2,NA,NA,NA
Td00001aa026443_T002,Trip22,OG0023941,57,1.47801167611265,Up,Protein HEAT-STRESS-ASSOCIATED 32,GO:0010608,post-transcriptional regulation of gene ...,0.693502965372
Td00001aa017178_T001,Trip22,OG0009809,58,1.47223485533467,Up,Dehydrin,GO:0009631,cold acclimation,0.796125693911
Td00001aa026000_T001,Trip22,OG0000316,59,1.46702947010416,Up,alanine transaminase,NA,NA,NA
Td00001aa009874_T001,Trip22,OG0000891,60,1.45557555624982,Up,"Thiamine thiazole synthase, chloroplastic",GO:0009409,response to cold,0.539695057491
Td00001aa036836_T001,Trip22,OG0024817,61,1.40337379976748,Up,Pyruvate dehydrogenase E1 component subunit alpha,NA,NA,NA
Td00001aa025008_T004,Trip22,OG0000355,62,1.36952266483909,Up,Plasma membrane ATPase,NA,NA,NA
Td00001aa011954_T001,Trip22,OG0018478,63,1.31675422729296,Up,Stem-specific protein TSJT1,NA,NA,NA
Td00001aa040072_T001,Trip22,OG0008796,64,1.31440464927125,Up,Peptidase A1 domain-containing protein,NA,NA,NA
Td00001aa022963_T002,Trip22,NA,65,1.31352796819334,Up,Aminotransferase class-III,NA,NA,NA
Td00001aa011430_T003,Trip22,OG0000711,66,1.31080174106185,Up,Avenacosidase 2,NA,NA,NA
Td00001aa024734_T004,Trip22,OG0000289,67,1.30403470508822,Up,Alcohol dehydrogenase 1,NA,NA,NA
Td00001aa003277_T001,Trip22,OG0005728,68,1.28584276855704,Up,Phloem-specific lectin,NA,NA,NA
Td00001aa036222_T002,Trip22,OG0020497,69,1.27991490194617,Up,Enoyl reductase (ER) domain-containing protein,NA,NA,NA
Td00001aa018793_T002,Trip22,OG0020952,70,1.27569954572757,Up,Clp R domain-containing protein,GO:0034605,cellular response to heat,0.748601560705
Td00001aa018922_T002,Trip22,OG0011068,71,1.26258020850715,Up,"Flavonoid 3',5'-hydroxylase",NA,NA,NA
Td00001aa033955_T003,Trip22,OG0009585,72,1.24461471177476,Up,Aldehyde dehydrogenase,GO:0006081,cellular aldehyde metabolic process,0.699127336411
Td00001aa010869_T003,Trip22,OG0020681,73,1.2251272072664,Up,Delta-1-pyrroline-5-carboxylate synthase,NA,NA,NA
Td00001aa007992_T002,Trip22,OG0000646,74,1.2249153422966,Up,Lipoxygenase,NA,NA,NA
Td00001aa033159_T002,Trip22,OG0002600,75,1.2219150223239,Up,Phenylcoumaran benzylic ether reductase-like protein I (Fragment),NA,NA,NA
Td00001aa027099_T001,Trip22,OG0025930,76,1.21802523080235,Up,Fe2OG dioxygenase domain-containing protein,NA,NA,NA
Td00001aa013725_T006,Trip22,OG0015799,77,1.21623662389427,Up,Beta-amylase,GO:0005982,starch metabolic process,0.375113436449
Td00001aa029906_T001,Trip22,OG0017690,78,1.21566243671102,Up,Farnesylated protein 1,NA,NA,NA
Td00001aa006065_T001,Trip22,OG0002031,79,1.20727417364965,Up,Glycosyltransferase,NA,NA,NA
Td00001aa041578_T002,Trip22,OG0000110,80,1.20594618665779,Up,Heat shock protein 83,GO:0006457,protein folding,0.676287690487
Td00001aa014588_T001,Trip22,OG0003817,81,1.19141193438828,Up,GST N-terminal domain-containing protein,NA,NA,NA
Td00001aa009603_T001,Trip22,OG0023978,82,1.18967908106853,Up,Aspartic proteinase,NA,NA,NA
Td00001aa021684_T001,Trip22,OG0014773,83,1.18617522315136,Up,Glucose-6-phosphate/phosphate translocator 2,NA,NA,NA
Td00001aa033405_T001,Trip22,OG0019996,84,1.180931273158,Up,UspA domain-containing protein,NA,NA,NA
Td00001aa006961_T001,Trip22,OG0000891,85,1.17444657677515,Up,"Thiamine thiazole synthase, chloroplastic",GO:0009409,response to cold,0.539640893752
Td00001aa012809_T001,Trip22,OG0022407,86,1.13243652733149,Up,ATP-dependent 6-phosphofructokinase 2,GO:0006002,fructose 6-phosphate metabolic process,0.753879410504
Td00001aa002742_T001,Trip22,OG0019715,87,1.12751162383156,Up,Xylanase inhibitor protein 1,GO:0050832,defense response to fungus,0.576344685214
Td00001aa026124_T002,Trip22,OG0021328,88,1.11640144019765,Up,Xyloglucan endotransglucosylase/hydrolase,NA,NA,NA
Td00001aa030219_T001,Trip22,OG0008918,89,1.11106053651239,Up,Cupin type-1 domain-containing protein,NA,NA,NA
Td00001aa034501_T001,Trip22,OG0037012,90,1.08518546222718,Up,O-methyltransferase 2,NA,NA,NA
Td00001aa023611_T003,Trip22,OG0008943,91,1.08492584707328,Up,Abscisic acid receptor PYL8,GO:0009651,response to salt stress,0.405855203566
Td00001aa004869_T001,Trip22,OG0013655,92,1.06560764413154,Up,Cysteine protease1,NA,NA,NA
Td00001aa031973_T001,Trip22,OG0018363,93,1.05760444998731,Up,monodehydroascorbate reductase (NADH),NA,NA,NA
Td00001aa023055_T003,Trip22,OG0008380,94,1.03494887159466,Up,Delta-1-pyrroline-5-carboxylate synthase,NA,NA,NA
Td00001aa028586_T001,Trip22,OG0013568,95,1.02803493558461,Up,Calcium-transporting ATPase,GO:0009414,response to water deprivation,0.411878972016
Td00001aa029686_T003,Trip22,OG0023572,96,1.02541146485221,Up,"1,4-alpha-glucan branching enzyme",GO:0005982,starch metabolic process,0.821522702346
Td00001aa034166_T003,Trip22,NA,97,1.01253704157441,Up,Alcohol dehydrogenase,NA,NA,NA
Td00001aa001768_T001,Trip22,OG0000227,98,1.011102347304,Up,60S ribosomal protein L34,NA,NA,NA
Td00001aa033616_T002,Trip22,OG0023776,99,1.01024012956413,Up,1-aminocyclopropane-1-carboxylate oxidase,NA,NA,NA
Td00001aa018860_T001,Trip22,OG0000823,100,1.00568241084844,Up,Glutathione S-transferase,GO:0006749,glutathione metabolic process,0.725705019119
