rank,species,protein_id,orthogroup,log2FC,DAP,description,short_description,BP,cold_related_category
1,Ag,Ag00001aa069057_T001,OG0013692,2.7204973705,Up,PEBP (Phosphatidylethanolamine-binding protein) family protein,PEBP,NA,Lipid metabolism
1,Mg,Misin09G141100.1.v7.1,OG0022377,2.9847771773,Up,NADH-ubiquinone reductase complex 1 MLRQ subunit,NDUFS1,NA,Metabolism / osmoregulation
1,Pv,PvWBCH1.9NG479100.4.v1.1,NA,3.8516990771,Up,Embryonic protein DC-8,Embryonic protein DC-8,response to water deprivation,Protein aggregation / membrane stability
1,Sn,Sn00001aa067886_T001,NA,3.0652276228,Up,Barwin domain-containing protein,Barwin,defense response to fungus,Other
1,Trip19,Td00001aa022594_T002,OG0022470,5.0016221196,Up,Late embryogenesis abundant protein 3,LEA3,cold acclimation,Protein aggregation / membrane stability
1,Trip22,Td00001aa022594_T002,OG0022470,5.1528698373,Up,Late embryogenesis abundant protein 3,LEA3,cold acclimation,Protein aggregation / membrane stability
2,Ag,Ag00001aa124402_T001,OG0010710,2.705756782,Up,chitinase,Chitinase,polysaccharide catabolic process,Antifreeze
2,Mg,Misin01G469600.1.v7.1,OG0008582,2.6118457949,Up,Embryonic protein DC-8,Embryonic protein DC-8,response to water deprivation,Protein aggregation / membrane stability
2,Pv,PvWBCH1.3NG170900.1.v1.1,OG0022470,3.628890219,Up,Late embryogenesis abundant protein 3,LEA3,cold acclimation,Protein aggregation / membrane stability
2,Sn,Sn00001aa051893_T001,OG0006941,3.0321008432,Up,Zeamatin,Zeamatin,defense response to fungus,Antifreeze
2,Trip19,Td00001aa029496_T001,OG0016115,4.3402774048,Up,22.0 kDa class IV heat shock protein-like,HSP22.0,protein folding,Protein folding / stability
2,Trip22,Td00001aa040338_T001,OG0051958,4.4620958198,Up,Abscisic stress ripening,Abscisic stress ripening,NA,Cold signal transduction
3,Ag,Ag00001aa071693_T001,OG0012032,2.6850430895,Up,Actin-depolymerizing factor 2,Actin-depolymerizing 2,actin filament depolymerization,Cytoskeleton stability
3,Mg,Misin12G126200.1.v7.1,OG0013447,2.3808166245,Up,Malate synthase,Malate synthase,glyoxylate cycle,Metabolism / osmoregulation
3,Pv,PvWBCH1.9KG072500.1.v1.1,OG0004932,3.5320675523,Up,Isoflavone 2'-hydroxylase,Isoflavone hydroxylase,NA,Other
3,Sn,Sn00001aa056018_T001,OG0022470,2.8155754289,Up,Late embryogenesis abundant protein 3,LEA3,cold acclimation,Protein aggregation / membrane stability
3,Trip19,Td00001aa040338_T001,OG0051958,3.8142427798,Up,Abscisic stress ripening,Abscisic stress ripening,NA,Cold signal transduction
3,Trip22,Td00001aa042603_T001,OG0020846,4.0171673289,Up,NA,NA,NA,Other
4,Ag,Ag00001aa122642_T001,OG0011610,2.6470842126,Up,Subtilisin-chymotrypsin inhibitor-2A,Subtilisin-chymotrypsin,response to wounding,Protein folding / stability
4,Mg,Misin17G174300.1.v7.1,OG0013697,2.2404548128,Up,NADP-dependent oxidoreductase domain-containing protein,Aldose reductase,NA,Detoxification / ROS scavenging
4,Pv,PvWBCH1.3KG225700.1.v1.1,OG0013692,3.2889491046,Up,PEBP (Phosphatidylethanolamine-binding protein) family protein,PEBP,NA,Lipid metabolism
4,Sn,Sn00001aa050399_T001,OG0001959,2.7855505517,Up,chitinase,Chitinase,polysaccharide catabolic process,Antifreeze
4,Trip19,Td00001aa013159_T001,OG0006288,3.6923155992,Up,TLC domain-containing protein,TLC,NA,Lipid metabolism
4,Trip22,Td00001aa014362_T001,OG0016578,3.7521018762,Up,"Heat shock protein, chloroplastic","HSP, chloroplastic",response to heat,Protein folding / stability
5,Ag,Ag00001aa157044_T001,OG0016166,2.6366826172,Up,Late embryogenesis abundant protein D-34,LEA-D34,NA,Protein aggregation / membrane stability
5,Mg,Misin17G041200.1.v7.1,OG0000837,2.1873280477,Up,NA,NA,NA,Other
5,Pv,PvWBCH1.1KG182300.1.v1.1,OG0002545,3.1333991254,Up,Dehydrin,Dehydrin,cold acclimation,Protein aggregation / membrane stability
5,Sn,Sn00001aa069853_T001,NA,2.6509942693,Up,NA,NA,NA,Other
5,Trip19,Td00001aa022969_T001,OG0013697,3.6585542607,Up,Aldose reductase,Aldose reductase,prostaglandin biosynthetic process,Detoxification / ROS scavenging
5,Trip22,Td00001aa029496_T001,OG0016115,3.6293200966,Up,22.0 kDa class IV heat shock protein-like,HSP22.0,protein folding,Protein folding / stability
6,Ag,Ag00001aa069574_T002,OG0022470,2.5955036605,Up,Late embryogenesis abundant protein 3,LEA3,cold acclimation,Protein aggregation / membrane stability
6,Mg,MisinT394200.1.v7.1,OG0008494,2.068829852,Up,UDP-glucose 4-epimerase,UDP-glucose 4-epimerase,galactose metabolic process,Metabolism / osmoregulation
6,Pv,PvWBCH1.6NG112900.1.v1.1,OG0016166,3.1276332797,Up,Late embryogenesis abundant protein D-34,LEA-D34,NA,Protein aggregation / membrane stability
6,Sn,Sn00001aa062552_T001,OG0001959,2.525818322,Up,chitinase,Chitinase,polysaccharide catabolic process,Antifreeze
6,Trip19,Td00001aa027412_T001,OG0024318,3.4317566602,Up,Dehydrin,Dehydrin,NA,Protein aggregation / membrane stability
6,Trip22,Td00001aa033307_T001,OG0000288,3.6236119988,Up,Class I heat shock protein 1,HSP I,protein folding,Protein folding / stability
7,Ag,Ag00001aa111933_T001,OG0022470,2.5410191531,Up,Late embryogenesis abundant protein 3,LEA3,cold acclimation,Protein aggregation / membrane stability
7,Mg,Misin17G219700.1.v7.1,OG0022470,2.0503121708,Up,Late embryogenesis abundant protein 3,LEA3,cold acclimation,Protein aggregation / membrane stability
7,Pv,PvWBCH1.3KG178100.1.v1.1,OG0022470,2.9980149293,Up,Late embryogenesis abundant protein 3,LEA3,cold acclimation,Protein aggregation / membrane stability
7,Sn,Sn00001aa004579_T001,OG0009444,2.4987614657,Up,Low-temperature-induced 65 kDa protein,LTI65,response to abscisic acid,Protein aggregation / membrane stability
7,Trip19,Td00001aa005038_T001,OG0009930,3.2985116928,Up,Seed biotin-containing protein SBP65,SBP65,cold acclimation,Metabolism / osmoregulation
7,Trip22,Td00001aa039438_T001,OG0015161,3.5610624549,Up,WIBG Mago-binding domain-containing protein,WIBG Mago-binding,NA,Other
8,Ag,Ag00001aa114791_T001,OG0002925,2.453649266,Up,NA,NA,NA,Other
8,Mg,Misin07G519500.1.v7.1,OG0005715,2.0452056317,Up,Eukaryotic translation initiation factor 3 subunit G,TIF3 subunit G,formation of cytoplasmic translation initiation complex,Other
8,Pv,PvWBCH1.8KG137800.1.v1.1,OG0022377,2.9575432008,Up,NADH-ubiquinone reductase complex 1 MLRQ subunit,NDUFS1,NA,Metabolism / osmoregulation
8,Sn,Sn00001aa010391_T001,NA,2.4753443371,Up,UDP-glucose 4-epimerase GEPI48,UDP-glucose 4-epimerase,galactose metabolic process,Metabolism / osmoregulation
8,Trip19,Td00001aa023916_T001,OG0014428,3.2226500225,Up,Polygalacturonase inhibitor,PG inhibitor,chromatin remodeling,Other
8,Trip22,Td00001aa012719_T001,OG0010710,3.4911594666,Up,chitinase,Chitinase,polysaccharide catabolic process,Antifreeze
9,Ag,Ag00001aa020048_T001,OG0008483,2.451540833,Up,NA,NA,NA,Other
9,Mg,Misin01G106600.1.v7.1,OG0021805,2.0414640206,Up,Luminal-binding protein,HSP70 BIP2,protein folding,Protein folding / stability
9,Pv,PvWBCH1.5KG009700.1.v1.1,OG0012263,2.945982186,Up,Water stress and hypersensitive response domain-containing protein,LEA14-A,response to desiccation,Protein aggregation / membrane stability
9,Sn,Sn00001aa092671_T001,OG0013697,2.4081683707,Up,Aldehyde reductase,Aldose reductase,L-ascorbic acid biosynthetic process,Detoxification / ROS scavenging
9,Trip19,Td00001aa014362_T001,OG0016578,3.1080225625,Up,"Heat shock protein, chloroplastic","HSP, chloroplastic",response to heat,Protein folding / stability
9,Trip22,Td00001aa026590_T004,OG0016454,3.3104892364,Up,"39 kDa EF-Hand containing protein, putative, expressed",EFHD,NA,Cold signal transduction
10,Ag,Ag00001aa014453_T001,OG0000288,2.3881895372,Up,Class I heat shock protein 1,HSP I,protein folding,Protein folding / stability
10,Mg,Misin01G486600.1.v7.1,OG0015799,2.0226196017,Up,Beta-amylase,Beta-amylase,starch metabolic process,Metabolism / osmoregulation
10,Pv,PvWBCH1.9NG029700.1.v1.1,OG0012032,2.8669079781,Up,Actin-depolymerizing factor 3,Actin-depolymerizing 3,actin filament depolymerization,Cytoskeleton stability
10,Sn,Sn00001aa030610_T001,OG0022407,2.3233700691,Up,ATP-dependent 6-phosphofructokinase 2,ATP-PFK 2,fructose 6-phosphate metabolic process,Metabolism / osmoregulation
10,Trip19,Td00001aa004040_T001,OG0009809,3.0662614423,Up,Dehydrin,Dehydrin,cold acclimation,Protein aggregation / membrane stability
10,Trip22,Td00001aa033192_T001,OG0000288,3.1060043983,Up,16.9 kDa class I heat shock protein 1,HSP16.9A,protein folding,Protein folding / stability
11,Ag,Ag00001aa078823_T001,OG0000288,2.3801753117,Up,Class I heat shock protein 1,HSP I,protein folding,Protein folding / stability
11,Mg,Misin12G096700.1.v7.1,OG0039078,1.9997715628,Up,NADP-dependent oxidoreductase domain-containing protein,Aldose reductase,NA,Detoxification / ROS scavenging
11,Pv,PvWBCH1.3KG337600.1.v1.1,OG0002524,2.8288346495,Up,GRAM domain-containing protein,GEM-like protein 5,maintenance of seed dormancy by absisic acid,Other
11,Sn,Sn00001aa010629_T001,OG0008528,2.3115031155,Up,Safener induced1,Protein IN2-1,NA,Detoxification / ROS scavenging
11,Trip19,Td00001aa026590_T004,OG0016454,2.949908398,Up,"39 kDa EF-Hand containing protein, putative, expressed",EFHD,NA,Cold signal transduction
11,Trip22,Td00001aa022969_T001,OG0013697,3.0018583106,Up,Aldose reductase,Aldose reductase,prostaglandin biosynthetic process,Detoxification / ROS scavenging
12,Ag,Ag00001aa064944_T001,OG0022470,2.3391373849,Up,Late embryogenesis abundant protein 3,LEA3,cold acclimation,Protein aggregation / membrane stability
12,Mg,Misin13G081600.1.v7.1,OG0016166,1.9931695068,Up,Late embryogenesis abundant protein D-34,LEA-D34,NA,Protein aggregation / membrane stability
12,Pv,PvWBCH1.9KG056000.1.v1.1,OG0000642,2.7456676021,Up,Glutathione S-transferase,GST,glutathione metabolic process,Detoxification / ROS scavenging
12,Sn,Sn00001aa014488_T001,OG0025089,2.2451913931,Up,"Outer envelope pore protein 16-2, chloroplastic",OEP162,amino acid transmembrane transport,Metabolism / osmoregulation
12,Trip19,Td00001aa024450_T001,OG0000642,2.945982186,Up,Glutathione S-transferase,GST,glutathione metabolic process,Detoxification / ROS scavenging
12,Trip22,Td00001aa019280_T001,OG0000034,2.8466379588,Up,Heat shock protein 70,HSP70,protein folding,Protein folding / stability
13,Ag,Ag00001aa120298_T001,OG0008270,2.2833291681,Up,GH18 domain-containing protein,GH18,carbohydrate metabolic process,Other
13,Mg,Misin18G151700.1.v7.1,OG0016973,1.9678726797,Up,Reticulon-like protein (Fragment),Reticulon-like,tryptophan biosynthetic process,Metabolism / osmoregulation
13,Pv,PvWBCH1.5NG360500.1.v1.1,OG0013321,2.7400640588,Up,Nematode resistance protein-like HSPRO2,Nematode HSPRO2,tryptophan catabolic process to kynurenine,Other
13,Sn,Sn00001aa060716_T002,OG0017067,2.233274539,Up,Tryptophan synthase,Tryptophan synthase,tryptophan biosynthetic process,Metabolism / osmoregulation
13,Trip19,Td00001aa025492_T002,OG0012185,2.9183862344,Up,Methionine gamma-lyase,Methionine gamma-lyase,transsulfuration,Metabolism / osmoregulation
13,Trip22,Td00001aa032866_T001,OG0014118,2.8307919529,Up,"Outer envelope pore protein 16-2, chloroplastic",OEP162,amino acid transmembrane transport,Metabolism / osmoregulation
14,Ag,Ag00001aa097918_T001,OG0000288,2.2764966656,Up,Class I heat shock protein 1,HSP I,protein folding,Protein folding / stability
14,Mg,Misin14G086000.1.v7.1,OG0002524,1.917452029,Up,GRAM domain-containing protein,GEM-like protein 5,maintenance of seed dormancy by absisic acid,Other
14,Pv,PvWBCH1.1NG299100.1.v1.1,OG0010901,2.6827979987,Up,NA,NA,NA,Other
14,Sn,Sn00001aa002111_T004,OG0016454,2.2252749299,Up,"39 kDa EF-Hand containing protein, putative, expressed",EFHD,NA,Cold signal transduction
14,Trip19,Td00001aa032866_T001,OG0014118,2.8900575114,Up,"Outer envelope pore protein 16-2, chloroplastic",OEP162,amino acid transmembrane transport,Metabolism / osmoregulation
14,Trip22,Td00001aa004040_T001,OG0009809,2.8292391527,Up,Dehydrin,Dehydrin,cold acclimation,Protein aggregation / membrane stability
15,Ag,Ag00001aa097924_T001,OG0000288,2.2536867827,Up,Class I heat shock protein 1,HSP I,protein folding,Protein folding / stability
15,Mg,Misin14G145400.1.v7.1,OG0014160,1.9030598804,Up,Ureidoglycolate hydrolase,Ureidoglycolate hydrolase,purine nucleobase metabolic process,Metabolism / osmoregulation
15,Pv,PvWBCH1.8KG089500.1.v1.1,OG0000863,2.5935928059,Up,Xylanase inhibitor protein 1,Xylanase inhibitor,defense response to fungus,Other
15,Sn,Sn00001aa005515_T001,OG0000642,2.2156785966,Up,Glutathione S-transferase,GST,glutathione metabolic process,Detoxification / ROS scavenging
15,Trip19,Td00001aa026762_T001,OG0000568,2.7454524831,Up,Ent-cassadiene C2-hydroxylase,Dolabradiene monooxygenase,diterpenoid metabolic process,Other
15,Trip22,Td00001aa004295_T001,OG0012515,2.8177028116,Up,Temperature-induced lipocalin,TIL1,response to reactive oxygen species,Detoxification / ROS scavenging
16,Ag,Ag00001aa028565_T001,OG0009444,2.2494453411,Up,Low-temperature-induced 65 kDa protein,LTI65,response to abscisic acid,Protein aggregation / membrane stability
16,Mg,MisinT036500.1.v7.1,OG0017067,1.8749205244,Up,Tryptophan synthase,Tryptophan synthase,tryptophan biosynthetic process,Metabolism / osmoregulation
16,Pv,PvWBCH1.9KG185700.1.v1.1,OG0009444,2.5806279105,Up,Low-temperature-induced 65 kDa protein,LTI65,response to abscisic acid,Protein aggregation / membrane stability
16,Sn,Sn00001aa050948_T001,OG0002524,2.2094533656,Up,GRAM domain-containing protein,GEM-like protein 5,maintenance of seed dormancy by absisic acid,Other
16,Trip19,Td00001aa017178_T002,NA,2.7239953447,Up,Dehydrin,Dehydrin,cold acclimation,Protein aggregation / membrane stability
16,Trip22,Td00001aa029174_T001,OG0010710,2.6654274992,Up,chitinase,Chitinase,polysaccharide catabolic process,Antifreeze
17,Ag,Ag00001aa013246_T001,OG0005269,2.2110121935,Up,Ribonuclease 1,Ribonuclease 1,anthocyanin-containing compound biosynthetic process,Other
17,Mg,Misin17G176700.1.v7.1,OG0013692,1.857847616,Up,PEBP (Phosphatidylethanolamine-binding protein) family protein,PEBP,NA,Lipid metabolism
17,Pv,PvWBCH1.9KG029500.1.v1.1,OG0012032,2.5651096965,Up,Actin-depolymerizing factor 3,Actin-depolymerizing 3,actin filament depolymerization,Cytoskeleton stability
17,Sn,Sn00001aa099345_T002,OG0023941,2.2035144111,Up,Protein HEAT-STRESS-ASSOCIATED 32,HSA32,post-transcriptional regulation of gene ...,Protein folding / stability
17,Trip19,Td00001aa004295_T001,OG0012515,2.6285403193,Up,Temperature-induced lipocalin,TIL1,response to reactive oxygen species,Detoxification / ROS scavenging
17,Trip22,Td00001aa040575_T001,OG0001162,2.6468049312,Up,Cylicin-1,Cylicin-1,base-excision repair,Cytoskeleton stability
18,Ag,Ag00001aa143736_T001,OG0000288,2.1253204737,Up,Class I heat shock protein 1,HSP I,protein folding,Protein folding / stability
18,Mg,MisinT206400.1.v7.1,OG0021874,1.8553323896,Up,galactinol--sucrose galactosyltransferase,Raffinose synthase,response to water deprivation,Metabolism / osmoregulation
18,Pv,PvWBCH1.9NG181900.1.v1.1,OG0009444,2.5563067842,Up,Low-temperature-induced 65 kDa protein,LTI65,response to abscisic acid,Protein aggregation / membrane stability
18,Sn,Sn00001aa011441_T001,OG0018330,2.200378798,Up,"Anthranilate phosphoribosyltransferase, chloroplastic",Anthranilate PRTase,tryptophan biosynthetic process,Metabolism / osmoregulation
18,Trip19,Td00001aa014939_T002,OG0008494,2.6248027653,Up,UDP-glucose 4-epimerase,UDP-glucose 4-epimerase,galactose metabolic process,Metabolism / osmoregulation
18,Trip22,Td00001aa024379_T002,OG0012053,2.5783062576,Up,Stem-specific protein TSJT1,TSJT1,NA,Other
19,Ag,Ag00001aa006944_T001,OG0020442,2.1203519404,Up,Embryonic protein DC-8,Embryonic protein DC-8,NA,Protein aggregation / membrane stability
19,Mg,Misin02G173100.1.v7.1,OG0009444,1.8250569238,Up,Low-temperature-induced 65 kDa protein,LTI65,response to abscisic acid,Protein aggregation / membrane stability
19,Pv,PvWBCH1.3NG315700.1.v1.1,OG0002524,2.5195419046,Up,GRAM domain-containing protein,GEM-like protein 5,maintenance of seed dormancy by absisic acid,Other
19,Sn,Sn00001aa035637_T001,OG0024384,2.1414327909,Up,Golgi apparatus membrane protein TVP15,TVP15,NA,Other
19,Trip19,Td00001aa033192_T001,OG0000288,2.552868871,Up,16.9 kDa class I heat shock protein 1,HSP16.9A,protein folding,Protein folding / stability
19,Trip22,Td00001aa002232_T001,OG0014638,2.5688236439,Up,NA,NA,NA,Other
20,Ag,Ag00001aa041516_T001,OG0009444,2.1063483195,Up,Low-temperature-induced 65 kDa protein,LTI65,response to abscisic acid,Protein aggregation / membrane stability
20,Mg,Misin02G374500.1.v7.1,OG0001139,1.8063062231,Up,Bet v I/Major latex protein domain-containing protein,Pathogenesis-related 1,abscisic acid-activated signaling pathway,Other
20,Pv,PvWBCH1.9KG512900.1.v1.1,OG0001959,2.4985061892,Up,chitinase,Chitinase,polysaccharide catabolic process,Antifreeze
20,Sn,Sn00001aa088201_T001,OG0013568,2.1358631654,Up,Calcium-transporting ATPase,Ca-transporting ATPase,response to water deprivation,Cold signal transduction
20,Trip19,Td00001aa000735_T001,OG0002718,2.4481080437,Up,X8 domain-containing protein,"1,3-Beta-glucosidase",carbohydrate metabolic process,Other
20,Trip22,Td00001aa021652_T001,OG0022704,2.4944114966,Up,Aconitate hydratase,Aconitase 1,cellular aldehyde metabolic process,Metabolism / osmoregulation
21,Ag,Ag00001aa100594_T001,OG0015134,2.0854246563,Up,"Heat shock protein, mitochondrial","HSP, mitochondrial",response to heat,Protein folding / stability
21,Mg,Misin16G248000.1.v7.1,OG0022194,1.7977212366,Up,Water stress and hypersensitive response domain-containing protein,LEA14-A,response to desiccation,Protein aggregation / membrane stability
21,Pv,PvWBCH1.9NG055800.1.v1.1,OG0000642,2.4122395663,Up,Glutathione S-transferase,GST,glutathione metabolic process,Detoxification / ROS scavenging
21,Sn,Sn00001aa000144_T001,OG0018330,2.1263121303,Up,"Anthranilate phosphoribosyltransferase, chloroplastic",Anthranilate PRTase,tryptophan biosynthetic process,Metabolism / osmoregulation
21,Trip19,Td00001aa019065_T001,OG0005483,2.3256742341,Up,Small heat shock protein HSP17.8,sHSP17.8,protein folding,Protein folding / stability
21,Trip22,Td00001aa033308_T001,OG0000288,2.4714710776,Up,Class I heat shock protein 1,HSP I,protein folding,Protein folding / stability
22,Ag,Ag00001aa052871_T001,NA,2.0765590951,Up,23.2 kDa heat shock protein-like,HSP23.2,protein folding,Protein folding / stability
22,Mg,Misin08G045800.1.v7.1,OG0023272,1.7489703732,Up,SNF1-related protein kinase regulatory subunit gamma-like PV42a,PV42a,embryo sac development,Other
22,Pv,PvWBCH1.9KG488800.1.v1.1,OG0008582,2.3239464554,Up,Embryonic protein DC-8,Embryonic protein DC-8,cold acclimation,Protein aggregation / membrane stability
22,Sn,Sn00001aa010461_T001,OG0021543,2.0377336274,Up,"phosphoglycerate mutase (2,3-diphosphoglycerate-independent)",Phosphoglycerate mutase,glycolytic process,Metabolism / osmoregulation
22,Trip19,Td00001aa022732_T002,OG0025011,2.2942531364,Up,Globin domain-containing protein,Anaerobic nitrite reductase,NA,Other
22,Trip22,Td00001aa038053_T001,OG0037479,2.3139346652,Up,"Starch synthase, chloroplastic/amyloplastic",Starch synthase,starch biosynthetic process,Metabolism / osmoregulation
23,Ag,Ag00001aa121107_T001,OG0009444,2.0721058005,Up,Low-temperature-induced 65 kDa protein,LTI65,response to abscisic acid,Protein aggregation / membrane stability
23,Mg,Misin18G197900.1.v7.1,OG0019355,1.7110967937,Up,tryptophan synthase,Tryptophan synthase,tryptophan biosynthetic process,Metabolism / osmoregulation
23,Pv,PvWBCH1.2NG099200.1.v1.1,OG0029632,2.3109217352,Up,12-oxophytodienoate reductase 1,OPR1,oxylipin biosynthetic process,Detoxification / ROS scavenging
23,Sn,Sn00001aa040888_T001,OG0009496,1.9737949297,Up,AAA+ ATPase domain-containing protein,AAA+ ATPase,pollen sperm cell differentiation,Other
23,Trip19,Td00001aa024451_T001,OG0000642,2.2714256761,Up,Glutathione S-transferase,GST,glutathione metabolic process,Detoxification / ROS scavenging
23,Trip22,Td00001aa029231_T001,OG0013447,2.3033657735,Up,Malate synthase,Malate synthase,glyoxylate cycle,Metabolism / osmoregulation
24,Ag,Ag00001aa116892_T001,OG0025357,2.0538064437,Up,rRNA N-glycosylase,rRNA N-glycosylase,negative regulation of translation,Other
24,Mg,Misin05G381000.1.v7.1,OG0005796,1.677088425,Up,Peroxidase,Peroxidase,hydrogen peroxide catabolic process,Detoxification / ROS scavenging
24,Pv,PvWBCH1.3KG087700.1.v1.1,OG0008648,2.2770920825,Up,UMP-CMP kinase,UMP-CMP kinase,nucleoside monophosphate phosphorylation,Metabolism / osmoregulation
24,Sn,Sn00001aa014825_T001,OG0021022,1.8773516264,Up,Heat shock 70 kDa protein 8,HSP70 8,protein folding,Protein folding / stability
24,Trip19,Td00001aa020613_T001,OG0017265,2.2606279081,Up,Transmembrane protein,Transmembrane protein,NA,Other
24,Trip22,Td00001aa033760_T001,OG0009509,2.2676018133,Up,Heme-binding protein 2,Heme-binding protein,NA,Other
25,Ag,Ag00001aa023522_T001,OG0016454,2.0538064437,Up,"39 kDa EF-Hand containing protein, putative, expressed",EFHD,NA,Cold signal transduction
25,Mg,Misin03G046400.1.v7.1,OG0025362,1.6488561173,Up,tryptophan synthase,Tryptophan synthase,tryptophan biosynthetic process,Metabolism / osmoregulation
25,Pv,PvWBCH1.7KG090500.2.v1.1,NA,2.2175409399,Up,"1,4-alpha-glucan branching enzyme",SBE II-1,starch metabolic process,Metabolism / osmoregulation
25,Sn,Sn00001aa103117_T001,OG0013692,1.8619553641,Up,PEBP (Phosphatidylethanolamine-binding protein) family protein,PEBP,NA,Lipid metabolism
25,Trip19,Td00001aa031042_T001,OG0013692,2.2454956628,Up,PEBP (Phosphatidylethanolamine-binding protein) family protein,PEBP,NA,Lipid metabolism
25,Trip22,Td00001aa008985_T001,OG0005483,2.2383974978,Up,Small heat shock protein HSP17.8,sHSP17.8,protein folding,Protein folding / stability
26,Ag,Ag00001aa009144_T001,NA,2.0359757437,Up,"phosphoglycerate mutase (2,3-diphosphoglycerate-independent)",Phosphoglycerate mutase,glycolytic process,Metabolism / osmoregulation
26,Mg,Misin11G222200.1.v7.1,NA,1.5934960268,Up,(S)-2-hydroxy-acid oxidase,GLO3,response to other organism,Detoxification / ROS scavenging
26,Pv,PvWBCH1.5NG350300.1.v1.1,OG0000034,2.1427401721,Up,Heat shock protein 70,HSP70,protein folding,Protein folding / stability
26,Sn,Sn00001aa080797_T001,OG0016973,1.8507994231,Up,Reticulon-like protein (Fragment),Reticulon-like,tryptophan biosynthetic process,Metabolism / osmoregulation
26,Trip19,Td00001aa021652_T001,OG0022704,2.1596291858,Up,Aconitate hydratase,Aconitase 1,cellular aldehyde metabolic process,Metabolism / osmoregulation
26,Trip22,Td00001aa019363_T002,OG0008548,2.2122244058,Up,phosphoenolpyruvate carboxykinase (ATP),PEP carboxykinase 2,gluconeogenesis,Metabolism / osmoregulation
27,Ag,Ag00001aa064445_T001,OG0013692,2.0349199843,Up,PEBP (Phosphatidylethanolamine-binding protein) family protein,PEBP,NA,Lipid metabolism
27,Mg,Misin01G418600.1.v7.1,OG0023753,1.5835474,Up,Senescence domain-containing protein,Senescence domain,NA,Other
27,Pv,PvWBCH1.4NG037300.1.v1.1,OG0002559,2.1053428403,Up,MPN domain-containing protein,Pre-mRNA-processing,spliceosomal tri-snRNP complex assembly,Other
27,Sn,Sn00001aa001175_T001,OG0021543,1.814345335,Up,"phosphoglycerate mutase (2,3-diphosphoglycerate-independent)",Phosphoglycerate mutase,glycolytic process,Metabolism / osmoregulation
27,Trip19,Td00001aa033337_T001,OG0003421,2.1302719545,Up,KOW domain-containing protein,KOW,translation,Other
27,Trip22,Td00001aa039232_T002,OG0002524,2.198565787,Up,GRAM domain-containing protein,GEM-like protein 5,maintenance of seed dormancy by absisic acid,Other
28,Ag,Ag00001aa102742_T001,OG0016578,2.0321008432,Up,Small heat shock protein 26,sHSP26,response to heat,Protein folding / stability
28,Mg,Misin01G050700.1.v7.1,OG0042291,1.5421494172,Up,"Stem-specific protein TSJT1, putative, expressed",TSJT1,NA,Other
28,Pv,PvWBCH1.7KG234800.1.v1.1,OG0020442,2.1016500761,Up,Embryonic protein DC-8,Embryonic protein DC-8,NA,Protein aggregation / membrane stability
28,Sn,Sn00001aa006179_T001,OG0015482,1.7756827017,Up,DUF255 domain-containing protein,DUF255,carbohydrate metabolic process,Other
28,Trip19,Td00001aa010483_T002,NA,2.0908534305,Up,Malic enzyme,Malic enzyme,pyruvate metabolic process,Metabolism / osmoregulation
28,Trip22,Td00001aa027028_T002,OG0014966,2.1872313767,Up,Protein DETOXIFICATION,Protein DETOXIFICATION,xenobiotic detoxification by transmembrane export across the plasma membrane,Detoxification / ROS scavenging
29,Ag,Ag00001aa076340_T001,OG0026292,1.9737949297,Up,NA,NA,NA,Other
29,Mg,Misin18G170000.1.v7.1,OG0005873,1.5157964293,Up,Glutathione S-transferase,GST,glutathione metabolic process,Detoxification / ROS scavenging
29,Pv,PvWBCH1.5KG266500.1.v1.1,OG0007798,2.0894981508,Up,Glutathione S-transferase,GST,glutathione metabolic process,Detoxification / ROS scavenging
29,Sn,Sn00001aa082341_T001,OG0024036,1.7518921384,Up,transketolase,Transketolase,pentose-phosphate shunt,Metabolism / osmoregulation
29,Trip19,Td00001aa033308_T001,OG0000288,2.0799753767,Up,Class I heat shock protein 1,HSP I,protein folding,Protein folding / stability
29,Trip22,Td00001aa007217_T002,OG0010227,2.1547096656,Up,UspA domain-containing protein,UspA,NA,Other
30,Ag,Ag00001aa064448_T001,OG0008398,1.9392265777,Up,pyruvate decarboxylase,Pyruvate decarboxylase,aromatic amino acid family catabolic process to alcohol via Ehrlich pathway,Metabolism / osmoregulation
30,Mg,Misin17G173700.1.v7.1,OG0022454,1.4894847511,Up,Aminotransferase class-III,Aminotransferase III,NA,Metabolism / osmoregulation
30,Pv,PvWBCH1.9KG381100.1.v1.1,OG0021543,2.0833835877,Up,"phosphoglycerate mutase (2,3-diphosphoglycerate-independent)",Phosphoglycerate mutase,glycolytic process,Metabolism / osmoregulation
30,Sn,Sn00001aa086694_T001,OG0010361,1.6544355408,Up,Glucose-1-phosphate adenylyltransferase,AGPase,starch biosynthetic process,Metabolism / osmoregulation
30,Trip19,Td00001aa024207_T001,OG0012032,2.0621217119,Up,Actin-depolymerizing factor 3,Actin-depolymerizing 3,actin filament depolymerization,Cytoskeleton stability
30,Trip22,Td00001aa019065_T001,OG0005483,2.1267054356,Up,Small heat shock protein HSP17.8,sHSP17.8,protein folding,Protein folding / stability
31,Ag,Ag00001aa047463_T001,OG0008092,1.9263790252,Up,protein-disulfide reductase,protein-di-S reductase,cellular oxidant detoxification,Protein folding / stability
31,Mg,Misin10G188700.1.v7.1,OG0023602,1.4806684731,Up,14-3-3 domain-containing protein,14-3-3 protein 7,protein localization,Cold signal transduction
31,Pv,PvWBCH1.1NG251700.1.v1.1,OG0009809,2.0717626693,Up,Dehydrin,Dehydrin,cold acclimation,Protein aggregation / membrane stability
31,Sn,Sn00001aa041377_T001,OG0000288,1.6521422721,Up,Class I heat shock protein 1,HSP I,protein folding,Protein folding / stability
31,Trip19,Td00001aa027099_T003,NA,2.0189901754,Up,Fe2OG dioxygenase domain-containing protein,Fe2OG dioxygenase,biosynthetic process,Metabolism / osmoregulation
31,Trip22,Td00001aa002847_T001,OG0001162,2.1259369302,Up,Cylicin-1,Cylicin-1,base-excision repair,Cytoskeleton stability
32,Ag,Ag00001aa099855_T001,OG0041136,1.9160944229,Up,Preproricin (Fragment),Ricin,negative regulation of translation,Other
32,Mg,Misin02G359400.1.v7.1,OG0000596,1.4707587774,Up,Hydroxyproline-rich glycoprotein family protein,Ricin B-like lectin,NA,Other
32,Pv,PvWBCH1.1NG326900.1.v1.1,OG0007520,2.0583164956,Up,Class III heat shock protein,HSP III,protein folding,Protein folding / stability
32,Sn,Sn00001aa023333_T004,OG0000289,1.6290068334,Up,Alcohol dehydrogenase 1,Alcohol dehydrogenase 1,formaldehyde catabolic process,Metabolism / osmoregulation
32,Trip19,Td00001aa025429_T004,OG0013350,2.0010816157,Up,Protein DETOXIFICATION,Protein DETOXIFICATION,xenobiotic detoxification by transmembrane export across the plasma membrane,Detoxification / ROS scavenging
32,Trip22,Td00001aa003480_T001,OG0005710,2.1191137905,Up,UspA domain-containing protein,UspA,response to cold,Other
33,Ag,Ag00001aa015316_T001,OG0005796,1.8999489862,Up,Peroxidase,Peroxidase,hydrogen peroxide catabolic process,Detoxification / ROS scavenging
33,Mg,Misin05G400200.1.v7.1,OG0015482,1.4244978285,Up,DUF255 domain-containing protein,DUF255,carbohydrate metabolic process,Other
33,Pv,PvWBCH1.3KG223000.1.v1.1,OG0013697,2.0125686735,Up,NADP-dependent oxidoreductase domain-containing protein,Aldose reductase,NA,Detoxification / ROS scavenging
33,Sn,Sn00001aa072988_T001,NA,1.595980979,Up,Pyruvate dehydrogenase E1 component subunit alpha,PDH-E1α,acetyl-CoA biosynthetic process from pyruvate,Metabolism / osmoregulation
33,Trip19,Td00001aa008985_T001,OG0005483,1.9745293125,Up,Small heat shock protein HSP17.8,sHSP17.8,protein folding,Protein folding / stability
33,Trip22,Td00001aa002603_T003,OG0011742,2.0863445314,Up,Chloroplast mRNA-binding protein CSP41 (Fragment),Chloroplast mRNA-binding,monosaccharide metabolic process,Other
34,Ag,Ag00001aa004824_T001,OG0000654,1.8995623602,Up,Dirigent protein (Fragment),Dirigent protein,phenylpropanoid biosynthetic process,Other
34,Mg,Misin02G401700.1.v7.1,OG0006466,1.4026224312,Up,anthranilate synthase,Anthranilate synthase,tryptophan biosynthetic process,Metabolism / osmoregulation
34,Pv,PvWBCH1.9KG395300.1.v1.1,OG0025089,1.9862288802,Up,"Outer envelope pore protein 16-2, chloroplastic",OEP162,amino acid transmembrane transport,Metabolism / osmoregulation
34,Sn,Sn00001aa073864_T002,NA,1.5940707569,Up,DJ-1/PfpI domain-containing protein,DJ-1/PfpI,glyoxal metabolic process,Detoxification / ROS scavenging
34,Trip19,Td00001aa019363_T002,OG0008548,1.8987887971,Up,phosphoenolpyruvate carboxykinase (ATP),PEP carboxykinase 2,gluconeogenesis,Metabolism / osmoregulation
34,Trip22,Td00001aa035379_T002,OG0004961,1.9720120328,Up,Fe2OG dioxygenase domain-containing protein,Fe2OG dioxygenase,NA,Metabolism / osmoregulation
35,Ag,Ag00001aa022279_T001,OG0000034,1.8921967105,Up,Heat shock protein 70,HSP70,protein folding,Protein folding / stability
35,Mg,Misin17G257700.1.v7.1,OG0020508,1.3959675363,Up,AAA+ ATPase domain-containing protein,AAA+ ATPase,cell division,Other
35,Pv,PvWBCH1.4KG166000.1.v1.1,OG0026991,1.972692654,Up,FAD-binding PCMH-type domain-containing protein,FAD-binding PCMH-type,NA,Detoxification / ROS scavenging
35,Sn,Sn00001aa045518_T001,OG0005483,1.5680321048,Up,Class II heat shock protein,HSP II,protein folding,Protein folding / stability
35,Trip19,Td00001aa003480_T001,OG0005710,1.8910302678,Up,UspA domain-containing protein,UspA,response to cold,Other
35,Trip22,Td00001aa014878_T002,OG0020982,1.964808237,Up,Sucrose synthase,Sucrose synthase,starch metabolic process,Metabolism / osmoregulation
36,Ag,Ag00001aa156538_T001,OG0000110,1.8675011509,Up,Heat shock protein 83,HSP83,protein folding,Protein folding / stability
36,Mg,Misin05G021700.1.v7.1,OG0009505,1.3942328841,Up,4-methyl-5-thiazole monophosphate biosynthesis protein,DJ-1 homolog B,glyoxal metabolic process,Metabolism / osmoregulation
36,Pv,PvWBCH1.5KG363600.1.v1.1,OG0000034,1.9645834628,Up,Heat shock protein 70,HSP70,protein folding,Protein folding / stability
36,Sn,Sn00001aa008298_T001,OG0005710,1.5621813565,Up,UspA domain-containing protein,UspA,response to cold,Other
36,Trip19,Td00001aa019280_T001,OG0000034,1.8659188146,Up,Heat shock protein 70,HSP70,protein folding,Protein folding / stability
36,Trip22,Td00001aa037279_T002,OG0008674,1.9448317525,Up,"Starch synthase, chloroplastic/amyloplastic",Starch synthase,starch biosynthetic process,Metabolism / osmoregulation
37,Ag,Ag00001aa129885_T002,OG0016166,1.8483975995,Up,Late embryogenesis abundant protein D-34,LEA-D34,NA,Protein aggregation / membrane stability
37,Mg,Misin05G140500.1.v7.1,OG0014118,1.3366977609,Up,"Outer envelope pore protein 16-2, chloroplastic",OEP162,amino acid transmembrane transport,Metabolism / osmoregulation
37,Pv,PvWBCH1.9KG495500.1.v1.1,OG0010777,1.9601409803,Up,Late embryogenesis abundant protein D-34,LEA-D34,NA,Protein aggregation / membrane stability
37,Sn,Sn00001aa007255_T001,OG0007798,1.5400272693,Up,Glutathione S-transferase,GST,glutathione metabolic process,Detoxification / ROS scavenging
37,Trip19,Td00001aa037279_T002,OG0008674,1.8200768211,Up,"Starch synthase, chloroplastic/amyloplastic",Starch synthase,starch biosynthetic process,Metabolism / osmoregulation
37,Trip22,Td00001aa001268_T005,OG0013614,1.9354222213,Up,Beta-glucosidase 31,Beta-glucosidase 31,carbohydrate metabolic process,Metabolism / osmoregulation
38,Ag,Ag00001aa106444_T001,OG0016166,1.8387501183,Up,Late embryogenesis abundant protein D-34,LEA-D34,NA,Protein aggregation / membrane stability
38,Mg,Misin05G173500.1.v7.1,OG0000891,1.3231659285,Up,"Thiamine thiazole synthase, chloroplastic",Thiamine thiazole,response to cold,Metabolism / osmoregulation
38,Pv,PvWBCH1.4KG012300.1.v1.1,OG0005018,1.9593992348,Up,"Multiple organellar RNA editing factor 2, chloroplastic",MORF2,mRNA processing,Other
38,Sn,Sn00001aa021863_T001,OG0008882,1.5315686088,Up,Cysteine proteinase inhibitor,Cystatin-1,defense response,Other
38,Trip19,Td00001aa001511_T001,OG0014697,1.796597754,Up,glutathione transferase,GST,glutathione metabolic process,Detoxification / ROS scavenging
38,Trip22,Td00001aa027912_T001,OG0024297,1.9156085699,Up,Dipeptidylpeptidase IV N-terminal domain-containing protein,Dipeptidylpeptidase IV,NA,Other
39,Ag,Ag00001aa004820_T001,OG0000654,1.8213020399,Up,Dirigent protein (Fragment),Dirigent protein,phenylpropanoid biosynthetic process,Other
39,Mg,Misin03G281400.1.v7.1,OG0014773,1.3065130425,Up,Glucose-6-phosphate/phosphate translocator 2,GPT2,monocarboxylic acid transport,Metabolism / osmoregulation
39,Pv,PvWBCH1.1KG077700.1.v1.1,OG0015134,1.9463565716,Up,"Heat shock protein, mitochondrial","HSP, mitochondrial",response to heat,Protein folding / stability
39,Sn,Sn00001aa006768_T001,OG0012924,1.4678011565,Up,Cysteine proteinase inhibitor,Cystatin-1,NA,Other
39,Trip19,Td00001aa033621_T001,OG0005483,1.7932716545,Up,Small heat shock protein HSP17.8,sHSP17.8,protein folding,Protein folding / stability
39,Trip22,Td00001aa010483_T001,OG0010191,1.8840705717,Up,Malic enzyme,Malic enzyme,pyruvate metabolic process,Metabolism / osmoregulation
40,Ag,Ag00001aa110604_T001,OG0001296,1.8184415758,Up,Thioredoxin domain-containing protein,Thioredoxin,response to cold,Detoxification / ROS scavenging
40,Mg,Misin11G171000.1.v7.1,OG0013568,1.3029032692,Up,Calcium-transporting ATPase,Ca-transporting ATPase,response to water deprivation,Cold signal transduction
40,Pv,PvWBCH1.2NG036100.1.v1.1,OG0001162,1.926758532,Up,Cylicin-1,Cylicin-1,base-excision repair,Cytoskeleton stability
40,Sn,Sn00001aa023974_T001,OG0024297,1.4557546222,Up,Dipeptidylpeptidase IV N-terminal domain-containing protein,Dipeptidylpeptidase IV,NA,Other
40,Trip19,Td00001aa039232_T002,OG0002524,1.7882680829,Up,GRAM domain-containing protein,GEM-like protein 5,maintenance of seed dormancy by absisic acid,Other
40,Trip22,Td00001aa001511_T001,OG0014697,1.8209694622,Up,glutathione transferase,GST,glutathione metabolic process,Detoxification / ROS scavenging
41,Ag,Ag00001aa151368_T001,OG0010082,1.8122928449,Up,Peroxidase,Peroxidase,hydrogen peroxide catabolic process,Detoxification / ROS scavenging
41,Mg,Misin08G281600.1.v7.1,OG0012590,1.2589968392,Up,Peptidase M48 domain-containing protein,Peptidase M48,proteolysis involved in protein catabolic process,Other
41,Pv,PvWBCH1.9KG134700.1.v1.1,OG0025315,1.9038095586,Up,VOC domain-containing protein,VOC,NA,Other
41,Sn,Sn00001aa053988_T001,OG0019331,1.4334936398,Up,TATA-binding protein interacting (TIP20) domain-containing protein,TATA-binding protein,SCF complex assembly,Other
41,Trip19,Td00001aa003277_T001,OG0005728,1.7578766597,Up,Phloem-specific lectin,Phloem-specific lectin,NA,Other
41,Trip22,Td00001aa007570_T001,OG0005796,1.7893096114,Up,Peroxidase,Peroxidase,hydrogen peroxide catabolic process,Detoxification / ROS scavenging
42,Ag,Ag00001aa012571_T001,OG0022704,1.8118819962,Up,Aconitate hydratase,Aconitase 1,cellular aldehyde metabolic process,Metabolism / osmoregulation
42,Mg,Misin07G346000.1.v7.1,OG0009746,1.2112000065,Up,Pectinesterase inhibitor domain-containing protein,Pectinesterase inhibitor,NA,Other
42,Pv,PvWBCH1.3KG190900.1.v1.1,OG0018783,1.8964656162,Up,Heat shock protein 101,HSP101,cellular response to heat,Protein folding / stability
42,Sn,Sn00001aa100959_T001,OG0022195,1.402176425,Up,Glucose-1-phosphate adenylyltransferase,AGPase,starch biosynthetic process,Metabolism / osmoregulation
42,Trip19,Td00001aa040575_T001,OG0001162,1.7398481027,Up,Cylicin-1,Cylicin-1,base-excision repair,Cytoskeleton stability
42,Trip22,Td00001aa002372_T002,OG0026582,1.766685295,Up,"Starch synthase, chloroplastic/amyloplastic",Starch synthase,starch biosynthetic process,Metabolism / osmoregulation
43,Ag,Ag00001aa141013_T001,OG0010191,1.8069426646,Up,Malic enzyme,Malic enzyme,pyruvate metabolic process,Metabolism / osmoregulation
43,Mg,Misin19G055000.1.v7.1,OG0002559,1.2030374887,Up,Pre-mRNA-processing-splicing factor 8A,Pre-mRNA-processing,"mRNA splicing, via spliceosome",Other
43,Pv,PvWBCH1.5NG129100.1.v1.1,OG0014118,1.8828386558,Up,"Outer envelope pore protein 16-2, chloroplastic",OEP162,amino acid transmembrane transport,Metabolism / osmoregulation
43,Sn,Sn00001aa001519_T001,OG0020952,1.3555801474,Up,Clp R domain-containing protein,"ClpB2, chloroplastic",cellular response to heat,Protein folding / stability
43,Trip19,Td00001aa027713_T001,OG0014866,1.7088493771,Up,"Acetyltransferase, GNAT family protein, expressed",GNAT family,NA,Other
43,Trip22,Td00001aa020796_T002,OG0010361,1.7666790304,Up,Glucose-1-phosphate adenylyltransferase,AGPase,starch biosynthetic process,Metabolism / osmoregulation
44,Ag,Ag00001aa012894_T001,OG0006941,1.7845039829,Up,Zeamatin,Zeamatin,defense response to fungus,Antifreeze
44,Mg,Misin09G173300.1.v7.1,OG0023602,1.1965686459,Up,14-3-3 domain-containing protein,14-3-3 protein 7,protein localization,Cold signal transduction
44,Pv,PvWBCH1.7KG134800.1.v1.1,OG0022407,1.8738131984,Up,ATP-dependent 6-phosphofructokinase 2,ATP-PFK 2,fructose 6-phosphate metabolic process,Metabolism / osmoregulation
44,Sn,Sn00001aa092320_T001,OG0000823,1.3538878363,Up,Glutathione S-transferase,GST,glutathione metabolic process,Detoxification / ROS scavenging
44,Trip19,Td00001aa007022_T003,OG0000566,1.6780719051,Up,Cytochrome P450 family 72 subfamily A polypeptide 8,Cytochrome P450 CYP72,lipid metabolic process,Other
44,Trip22,Td00001aa041145_T001,OG0021221,1.7596737819,Up,Small GTP binding protein Rab5,RAB5,protein transport,Other
45,Ag,Ag00001aa123995_T001,OG0016115,1.7811498517,Up,23.2 kDa heat shock protein-like,HSP23.2,protein folding,Protein folding / stability
45,Mg,Misin12G270100.1.v7.1,OG0035352,1.194767398,Up,DJ-1 homolog D,DJ-1 homolog D,lactate biosynthetic process,Detoxification / ROS scavenging
45,Pv,PvWBCH1.5NG010300.1.v1.1,OG0009496,1.8698714062,Up,AAA+ ATPase domain-containing protein,AAA+ ATPase,pollen sperm cell differentiation,Other
45,Sn,Sn00001aa065278_T001,NA,1.3533232912,Up,"Fructose-1,6-bisphosphatase, cytosolic",CYFBP,response to abscisic acid,Metabolism / osmoregulation
45,Trip19,Td00001aa002372_T002,OG0026582,1.6740086086,Up,"Starch synthase, chloroplastic/amyloplastic",Starch synthase,starch biosynthetic process,Metabolism / osmoregulation
45,Trip22,Td00001aa013828_T001,OG0010777,1.6948243617,Up,Late embryogenesis abundant protein D-34,LEA-D34,NA,Protein aggregation / membrane stability
46,Ag,Ag00001aa104490_T001,OG0013697,1.7794698573,Up,NADP-dependent oxidoreductase domain-containing protein,Aldose reductase,NA,Detoxification / ROS scavenging
46,Mg,Misin01G502300.1.v7.1,OG0018330,1.1528597314,Up,"Anthranilate phosphoribosyltransferase, chloroplastic",Anthranilate PRTase,tryptophan biosynthetic process,Metabolism / osmoregulation
46,Pv,PvWBCH1.4KG275100.1.v1.1,OG0003555,1.8615584196,Up,"1,4-alpha-glucan branching enzyme",SBE II-1,starch metabolic process,Metabolism / osmoregulation
46,Sn,Sn00001aa089776_T001,NA,1.3253864147,Up,tryptophan synthase,Tryptophan synthase,tryptophan biosynthetic process,Metabolism / osmoregulation
46,Trip19,Td00001aa038053_T001,OG0037479,1.6526012176,Up,"Starch synthase, chloroplastic/amyloplastic",Starch synthase,starch biosynthetic process,Metabolism / osmoregulation
46,Trip22,Td00001aa039340_T001,OG0025082,1.6946791633,Up,Abscisic stress ripening,Abscisic stress ripening,cellular oxidant detoxification,Cold signal transduction
47,Ag,Ag00001aa009716_T001,OG0016578,1.7523204285,Up,Small heat shock protein 26,sHSP26,response to heat,Protein folding / stability
47,Mg,Misin01G018500.1.v7.1,OG0018028,1.1465203971,Up,Galactokinase,Galactokinase,galactose metabolic process,Metabolism / osmoregulation
47,Pv,PvWBCH1.5KG299900.1.v1.1,OG0010191,1.8399595875,Up,Malic enzyme,Malic enzyme,pyruvate metabolic process,Metabolism / osmoregulation
47,Sn,Sn00001aa008159_T001,NA,1.2998307618,Up,CobW C-terminal domain-containing protein,Zinc-regulated GTPase,NA,Other
47,Trip19,Td00001aa020162_T001,OG0015977,1.632733526,Up,W2 domain-containing protein,W2,NA,Other
47,Trip22,Td00001aa019508_T001,OG0021022,1.6596262644,Up,Heat shock 70 kDa protein 8,HSP70 8,protein folding,Protein folding / stability
48,Ag,Ag00001aa018649_T001,OG0008582,1.7290088703,Up,Embryonic protein DC-8,Embryonic protein DC-8,cold acclimation,Protein aggregation / membrane stability
48,Mg,Misin07G367300.1.v7.1,OG0009761,1.1387742476,Up,glutathione transferase,GST,glutathione metabolic process,Detoxification / ROS scavenging
48,Pv,PvWBCH1.4NG206200.1.v1.1,OG0001891,1.8265993303,Up,Phosphoglycerate kinase,Phosphoglycerate kinase,glycolytic process,Metabolism / osmoregulation
48,Sn,Sn00001aa031675_T002,OG0003720,1.2738142446,Up,Dienelactone hydrolase domain-containing protein,Dienelactone hydrolase,NA,Detoxification / ROS scavenging
48,Trip19,Td00001aa041578_T002,OG0000110,1.6130601069,Up,Heat shock protein 83,HSP83,protein folding,Protein folding / stability
48,Trip22,Td00001aa011371_T001,OG0003919,1.6528357693,Up,Acyl transferase 5,Acyl transferase 5,lignin biosynthetic process,Lipid metabolism
49,Ag,Ag00001aa019394_T001,NA,1.7154541271,Up,Heat shock protein 70,HSP70,protein folding,Protein folding / stability
49,Mg,Misin18G109800.1.v7.1,OG0024817,1.13262646,Up,Pyruvate dehydrogenase E1 component subunit alpha,PDH-E1α,acetyl-CoA biosynthetic process from pyruvate,Metabolism / osmoregulation
49,Pv,PvWBCH1.9NG503500.1.v1.1,OG0001959,1.8221182747,Up,chitinase,Chitinase,polysaccharide catabolic process,Antifreeze
49,Sn,Sn00001aa007068_T001,OG0010191,1.2732174731,Up,Malic enzyme,Malic enzyme,pyruvate metabolic process,Metabolism / osmoregulation
49,Trip19,Td00001aa012013_T001,OG0008132,1.6016965165,Up,adenylate kinase,Adenylate kinase,nucleoside monophosphate phosphorylation,Metabolism / osmoregulation
49,Trip22,Td00001aa007022_T003,OG0000566,1.631067723,Up,Cytochrome P450 family 72 subfamily A polypeptide 8,Cytochrome P450 CYP72,lipid metabolic process,Other
50,Ag,Ag00001aa118595_T001,OG0000288,1.7110543218,Up,Small heat shock protein HSP,sHSP,protein folding,Protein folding / stability
50,Mg,Misin12G201000.1.v7.1,OG0020723,1.1145843685,Up,(S)-2-hydroxy-acid oxidase,GLO3,response to other organism,Detoxification / ROS scavenging
50,Pv,PvWBCH1.5KG283000.1.v1.1,OG0020387,1.7957669478,Up,Prenylcysteine oxidase / farnesylcysteine lyase,PCYOX,NA,Detoxification / ROS scavenging
50,Sn,Sn00001aa012896_T001,OG0017439,1.254594043,Up,Peroxidase,Peroxidase,hydrogen peroxide catabolic process,Detoxification / ROS scavenging
50,Trip19,Td00001aa014170_T002,OG0011183,1.5983652053,Up,inositol-3-phosphate synthase,IPS3,inositol biosynthetic process,Metabolism / osmoregulation
50,Trip22,Td00001aa019248_T001,OG0003817,1.6019512191,Up,GST N-terminal domain-containing protein,GST-N,NA,Detoxification / ROS scavenging
