,Position,pscale_Ag,pscale_Mi,pscale_Pv,pscale_Sn,pscale_Td,pscale_Zm
0,5,-2.004,-2.004,-2.004,-2.004,-2.004,-2.004
1,6,-1.957,-1.957,-1.957,-1.957,-1.957,-1.957
2,7,-1.582,-1.582,-1.582,-1.582,-1.582,-1.582
3,8,-1.37,-1.37,-1.37,-1.37,-1.37,-1.37
4,9,-1.229,-1.229,-1.229,-1.229,-1.229,-1.229
5,10,-1.191,-1.191,-1.191,-1.191,-1.191,-1.191
6,11,-1.064,-1.064,-1.064,-1.064,-1.064,-1.064
7,12,-1.226,-1.226,-1.226,-1.226,-1.226,-1.226
8,13,-1.482,-1.482,-1.482,-1.482,-1.482,-1.482
9,14,-1.566,-1.566,-1.566,-1.566,-1.566,-1.566
10,15,-1.75,-1.75,-1.75,-1.75,-1.75,-1.75
11,16,-1.876,-1.876,-1.876,-1.876,-1.876,-1.876
12,17,-2.223,-2.223,-2.178,-2.223,-2.223,-2.223
13,18,-2.271,-2.271,-2.146,-2.271,-2.271,-2.271
14,19,-2.4,-2.4,-2.194,-2.4,-2.4,-2.4
15,20,-2.394,-2.394,-2.108,-2.394,-2.394,-2.394
16,21,-2.171,-2.171,-1.805,-2.171,-2.13,-2.13
17,22,-1.722,-1.722,-1.275,-1.722,-1.607,-1.607
18,23,-1.233,-1.233,-0.867,-1.233,-1.044,-1.044
19,24,-0.796,-0.796,-0.51,-0.796,-0.533,-0.533
20,25,-0.276,-0.276,-0.071,-0.276,0.061,0.061
21,26,-0.103,-0.103,0.022,-0.103,0.308,0.308
22,27,-0.232,-0.232,-0.187,-0.232,0.105,0.105
23,28,-0.393,-0.393,-0.393,-0.393,-0.13,-0.13
24,29,-0.725,-0.725,-0.725,-0.725,-0.536,-0.536
25,30,-1.176,-1.176,-1.176,-1.176,-1.061,-1.061
26,31,-1.426,-1.426,-1.426,-1.426,-1.385,-1.385
27,32,-1.437,-1.437,-1.437,-1.437,-1.437,-1.437
28,33,-1.492,-1.492,-1.492,-1.492,-1.492,-1.492
29,34,-1.707,-1.707,-1.775,-1.707,-1.775,-1.775
30,35,-1.697,-1.697,-1.843,-1.697,-1.843,-1.843
31,36,-1.63,-1.63,-1.762,-1.63,-1.762,-1.715
32,37,-1.916,-1.916,-1.99,-1.916,-1.99,-1.86
33,38,-2.144,-2.144,-2.058,-2.144,-2.058,-1.844
34,39,-2.156,-2.156,-1.83,-2.156,-1.83,-1.533
35,40,-2.131,-2.131,-1.311,-2.131,-1.311,-0.931
36,41,-2.242,-2.242,-1.08,-2.242,-1.08,-0.616
37,42,-2.197,-2.197,-0.842,-2.197,-0.842,-0.461
38,43,-1.974,-1.967,-0.345,-1.967,-0.44,-0.048
39,44,-1.646,-1.626,-0.065,-1.626,-0.29,0.149
40,45,-1.541,-1.509,-0.102,-1.509,-0.37,0.028
41,46,-1.358,-1.312,-0.231,-1.312,-0.559,-0.185
42,47,-0.971,-0.912,-0.197,-0.912,-0.639,-0.202
43,48,-0.727,-0.655,-0.451,-0.655,-1.03,-0.466
44,49,-0.669,-0.61,-0.875,-0.61,-1.265,-0.9
45,50,-0.672,-0.626,-1.26,-0.626,-1.499,-1.294
46,51,-0.643,-0.61,-1.486,-0.61,-1.699,-1.53
47,52,-1.035,-1.015,-1.756,-1.015,-1.764,-1.81
48,53,-1.492,-1.485,-1.84,-1.485,-1.613,-1.884
49,54,-1.791,-1.791,-1.72,-1.791,-1.227,-1.754
50,55,-1.984,-1.984,-1.807,-1.979,-1.012,-1.832
51,56,-2.285,-2.285,-1.826,-2.27,-0.877,-1.841
52,57,-2.353,-2.353,-1.72,-2.373,-0.665,-1.725
53,58,-2.115,-2.115,-1.77,-2.205,-0.645,-1.77
54,59,-2.118,-2.118,-1.956,-2.279,-0.999,-1.956
55,60,-2.051,-2.051,-1.991,-2.283,-1.214,-1.991
56,61,-1.861,-1.861,-1.842,-2.184,-1.43,-1.842
57,62,-1.556,-1.556,-1.582,-1.968,-1.655,-1.582
58,63,-1.497,-1.497,-1.509,-1.838,-1.764,-1.509
59,64,-1.435,-1.391,-1.312,-1.706,-1.613,-1.312
60,65,-1.252,-1.127,-0.912,-1.452,-1.227,-0.912
61,66,-1.262,-1.056,-0.655,-1.387,-1.012,-0.663
62,67,-1.464,-1.179,-0.61,-1.509,-0.877,-0.63
63,68,-1.554,-1.143,-0.626,-1.509,-0.665,-0.659
64,69,-1.75,-1.179,-0.61,-1.625,-0.645,-0.656
65,70,-2.026,-1.455,-1.015,-1.821,-0.999,-1.074
66,71,-2.187,-1.616,-1.485,-1.901,-1.214,-1.556
67,72,-2.168,-1.596,-1.734,-1.802,-1.43,-1.85
68,73,-2.033,-1.461,-1.831,-1.586,-1.655,-2.025
69,74,-1.908,-1.497,-2.029,-1.541,-1.764,-2.303
70,75,-1.721,-1.391,-2.086,-1.391,-1.613,-2.348
71,76,-1.458,-1.127,-1.88,-1.127,-1.227,-2.087
72,77,-1.387,-1.056,-1.828,-1.056,-1.012,-2.074
73,78,-1.509,-1.179,-1.917,-1.179,-0.877,-1.997
74,79,-1.509,-1.143,-1.898,-1.188,-0.665,-1.817
75,80,-1.625,-1.139,-1.758,-1.264,-0.645,-1.522
76,81,-1.821,-1.345,-1.552,-1.55,-0.988,-1.472
77,82,-1.901,-1.435,-1.517,-1.721,-1.184,-1.42
78,83,-1.802,-1.345,-1.42,-1.711,-1.38,-1.247
79,84,-1.586,-1.139,-1.247,-1.586,-1.586,-1.262
80,85,-1.541,-1.104,-1.256,-1.47,-1.676,-1.464
81,86,-1.435,-1.069,-1.449,-1.354,-1.506,-1.509
82,87,-1.252,-0.876,-1.485,-1.081,-1.139,-1.625
83,88,-1.262,-0.876,-1.591,-1.001,-0.943,-1.821
84,89,-1.464,-1.069,-1.777,-1.113,-0.827,-1.901
85,90,-1.554,-1.104,-1.848,-1.149,-0.635,-1.802
86,91,-1.75,-1.139,-1.758,-1.264,-0.635,-1.586
87,92,-2.026,-1.345,-1.552,-1.55,-0.988,-1.541
88,93,-2.187,-1.451,-1.517,-1.721,-1.184,-1.391
89,94,-2.168,-1.39,-1.47,-1.711,-1.38,-1.127
90,95,-2.033,-1.213,-1.285,-1.586,-1.586,-1.056
91,96,-1.908,-1.301,-1.157,-1.47,-1.687,-1.179
92,97,-1.721,-1.567,-1.176,-1.354,-1.536,-1.143
93,98,-1.458,-1.701,-1.133,-1.081,-1.196,-1.139
94,99,-1.387,-1.871,-1.298,-1.001,-1.126,-1.345
95,100,-1.509,-2.127,-1.319,-1.113,-1.213,-1.39
96,101,-1.554,-2.132,-1.51,-1.104,-1.121,-1.174
97,102,-1.75,-1.714,-1.746,-1.139,-0.964,-0.804
98,103,-2.026,-1.062,-1.857,-1.345,-0.996,-0.605
99,104,-2.187,-0.556,-1.802,-1.39,-0.839,-0.405
100,105,-2.168,-0.08,-1.586,-1.22,-0.475,-0.049
101,106,-2.033,0.371,-1.541,-0.934,-0.201,-0.045
102,107,-1.908,0.368,-1.391,-0.818,-0.245,-0.402
103,108,-1.676,-0.155,-1.127,-0.702,-0.625,-0.601
104,109,-1.332,-0.509,-1.056,-0.429,-0.997,-0.801
105,110,-1.181,-0.668,-1.179,-0.51,-1.475,-1.17
106,111,-1.223,-1.026,-1.188,-0.726,-1.706,-1.344
107,112,-1.143,-1.265,-1.264,-0.739,-1.558,-1.215
108,113,-1.139,-1.081,-1.55,-0.709,-1.065,-0.919
109,114,-1.345,-0.585,-1.676,-0.766,-0.57,-0.849
110,115,-1.39,-0.453,-1.586,-0.629,-0.088,-0.823
111,116,-1.174,-0.08,-1.387,-0.32,0.371,-0.64
112,117,-0.804,0.323,-1.204,-0.146,0.368,-0.81
113,118,-0.605,0.429,-1.021,-0.245,-0.155,-1.136
114,119,-0.45,0.289,-0.68,-0.625,-0.509,-1.258
115,120,-0.174,0.131,-0.693,-0.997,-0.668,-1.138
116,121,-0.251,0.113,-0.899,-1.475,-1.026,-1.106
117,122,-0.688,-0.138,-0.957,-1.706,-1.265,-0.878
118,123,-0.968,-0.189,-1.06,-1.558,-1.081,-0.475
119,124,-1.247,0.101,-1.333,-1.065,-0.585,-0.201
120,125,-1.536,0.38,-1.41,-0.57,-0.453,-0.245
121,126,-1.63,0.443,-1.222,-0.088,-0.08,-0.625
122,127,-1.42,0.423,-0.919,0.371,0.323,-0.997
123,128,-1.044,0.592,-0.849,0.368,0.429,-1.475
124,129,-0.894,0.617,-0.823,-0.155,0.289,-1.706
125,130,-0.823,0.25,-0.64,-0.509,0.131,-1.558
126,131,-0.64,-0.065,-0.81,-0.668,0.113,-1.065
127,132,-0.81,-0.48,-1.137,-1.026,-0.138,-0.57
128,133,-1.136,-1.004,-1.263,-1.265,-0.189,-0.088
129,134,-1.215,-1.632,-1.146,-1.081,0.101,0.371
130,135,-1.155,-2.061,-1.071,-0.542,0.38,0.368
131,136,-1.294,-2.266,-0.763,-0.332,0.443,-0.155
132,137,-1.236,-2.471,-0.279,0.118,0.423,-0.509
133,138,-1.003,-2.461,0.081,0.597,0.592,-0.668
134,139,-0.9,-2.31,0.125,0.78,0.617,-1.026
135,140,-1.268,-2.304,-0.167,0.718,0.25,-1.265
136,141,-1.479,-2.249,-0.616,0.483,-0.12,-1.081
137,142,-1.68,-2.305,-1.179,0.387,-0.628,-0.585
138,143,-1.995,-2.323,-1.544,0.059,-1.183,-0.453
139,144,-2.068,-2.481,-1.566,-0.069,-1.854,-0.08
140,145,-1.728,-2.507,-1.244,0.144,-2.32,0.323
141,146,-1.111,-2.39,-0.889,0.38,-2.571,0.429
142,147,-0.629,-2.223,-0.499,0.443,-2.614,0.289
143,148,-0.159,-1.816,-0.108,0.423,-2.427,0.131
144,149,0.313,-1.347,-0.024,0.592,-2.306,0.113
145,150,0.323,-1.016,-0.46,0.617,-2.136,-0.09
146,151,-0.188,-0.853,-0.726,0.25,-2.097,-0.054
147,152,-0.529,,-0.795,-0.113,-1.978,0.323
148,153,-0.675,,-1.069,-0.608,-1.956,0.688
149,154,-1.026,,-1.265,-1.206,-1.888,0.839
150,155,-1.265,,-1.081,-1.963,-1.575,0.905
151,156,-1.081,,-0.542,-2.566,-1.199,0.987
152,157,-0.585,,-0.332,-2.946,-0.961,0.926
153,158,-0.453,,0.118,-3.155,-0.851,0.471
154,159,-0.08,,0.597,-3.173,,0.015
155,160,0.323,,0.78,-3.051,,-0.58
156,161,0.429,,0.718,-2.869,,-1.183
157,162,0.289,,0.483,-2.69,,-1.854
158,163,0.131,,0.387,-2.69,,-2.275
159,164,0.113,,0.108,-2.642,,-2.446
160,165,-0.138,,0.066,-2.687,,-2.409
161,166,-0.189,,0.365,-2.643,,-2.191
162,167,0.101,,0.688,-2.436,,-2.08
163,168,0.38,,0.839,-2.0,,-1.919
164,169,0.443,,0.898,-1.494,,-2.051
165,170,0.423,,0.967,-1.136,,-2.102
166,171,0.592,,0.893,-0.896,,-2.251
167,172,0.617,,0.426,,,-2.173
168,173,0.25,,-0.044,,,-1.85
169,174,-0.113,,-0.651,,,-1.429
170,175,-0.608,,-1.242,,,-1.101
171,176,-1.206,,-1.844,,,-0.901
172,177,-1.915,,-2.153,,,
173,178,-2.431,,-2.156,,,
174,179,-2.722,,-1.957,,,
175,180,-2.841,,-1.567,,,
176,181,-2.769,,-1.247,,,
177,182,-2.558,,-1.077,,,
178,183,-2.472,,-1.247,,,
179,184,-2.391,,-1.623,,,
180,185,-2.443,,-2.0,,,
181,186,-2.408,,-2.479,,,
182,187,-2.464,,-2.745,,,
183,188,-2.298,,-2.697,,,
184,189,-1.895,,-2.345,,,
185,190,-1.429,,-1.916,,,
186,191,-1.101,,-1.477,,,
187,192,-0.901,,-1.161,,,
